,CLASE_BIN
606473,0
445376,0
170329,0
455141,0
264406,0
557918,0
172129,0
505238,0
187158,0
445704,0
523166,0
40410,0
266850,0
483810,0
10831,0
52641,0
422412,0
498970,0
515576,0
5142,0
25676,0
246750,0
296464,0
538717,0
388138,0
381473,0
348996,0
70452,0
560768,0
229166,0
568114,0
88119,0
605070,0
328341,0
168348,0
129984,0
140935,0
73292,0
467941,0
250598,0
539780,0
435621,0
342361,0
293048,0
62976,0
601615,0
461865,0
125331,0
278944,0
405595,0
216086,0
449853,0
394782,0
205470,0
354716,0
493192,0
225678,0
182674,0
415873,0
372666,0
537376,0
67094,0
422497,0
95759,0
258149,0
347938,0
8891,0
372382,0
36352,0
585906,0
398211,0
66929,0
194720,0
507627,0
428748,0
484814,0
577458,0
516993,0
558366,0
1674,0
160203,0
85616,0
457068,0
251860,0
507877,0
248760,0
386868,0
280513,0
167631,0
167078,0
565925,0
572793,0
555647,0
322520,0
14053,0
347424,0
12799,0
130600,0
481084,0
538621,0
466220,0
28100,0
152027,0
556775,0
200015,0
96673,0
250647,0
113642,0
380044,0
499232,0
196690,0
578464,0
281073,0
376786,0
40591,0
328804,0
245909,0
297277,0
53141,0
324718,0
165080,0
41953,0
220880,0
581494,0
410827,0
357050,0
489822,0
86628,0
211613,0
251790,0
282422,0
363361,0
276069,0
508522,0
498905,0
179025,0
281928,0
84053,0
378965,0
590524,0
245560,0
354531,0
80074,0
456700,0
350084,0
147065,0
345298,0
360227,0
433284,0
165513,0
297971,0
551021,0
63638,0
118485,0
265846,0
108227,0
504809,0
72698,0
44393,0
46015,0
353933,0
129735,0
518931,0
238190,0
487512,0
180652,0
104247,0
34221,0
376379,0
98924,0
364352,0
316829,0
76118,0
497034,0
169176,0
493251,0
15586,0
163074,0
512625,0
195754,0
323927,0
140450,0
10206,0
448051,0
137732,0
164016,0
250030,0
481544,0
504351,0
556137,0
415672,0
150814,0
281228,0
347135,0
532713,0
400374,0
327248,0
525129,0
141621,0
113125,0
45910,0
203948,0
183115,0
475239,0
390902,0
438864,0
423233,0
307550,0
537505,0
42627,0
215556,0
312426,0
582086,0
225765,0
143284,0
11348,0
519013,0
301895,0
582404,0
527930,0
510225,0
310333,0
543444,0
374701,0
1181,0
205189,0
93813,0
410975,0
567965,0
22396,0
395241,0
401504,0
470442,0
391099,0
359786,0
217988,0
525351,0
478637,0
292515,0
594883,0
382669,0
362225,0
269055,0
167082,0
426374,0
198262,0
412609,0
272903,0
78709,0
323460,0
573420,0
338017,0
141390,0
6019,0
295192,0
563736,0
198291,0
171877,0
504122,0
31245,0
488610,0
338910,0
246140,0
432720,0
443027,0
440136,0
515088,0
325526,0
523854,0
197844,0
556332,0
529261,0
62176,0
360030,0
89134,0
522894,0
564230,0
271267,0
250368,0
262169,0
213535,0
2647,0
102593,0
538629,0
498157,0
435474,0
101240,0
375566,0
17112,0
135088,0
368044,0
165999,0
264907,0
144173,0
330393,0
414670,0
109197,0
41145,0
32136,0
449864,0
426698,0
318221,0
134375,0
349838,0
198994,0
543133,0
580087,0
378286,0
40955,0
197934,0
326236,0
181988,0
123985,0
374206,0
288092,0
333810,0
593090,0
541419,0
268267,0
567174,0
335460,0
110326,0
505657,0
213033,0
12521,0
6110,0
8403,0
104028,0
88336,0
604374,0
223530,0
495000,0
293780,0
520966,0
185583,0
537067,0
89733,0
491262,0
295957,0
484771,0
581015,0
586654,0
239943,0
352289,0
599932,0
68303,0
219344,0
327492,0
222852,0
239002,0
398338,0
480980,0
192643,0
138253,0
601360,0
71404,0
188684,0
352459,0
461979,0
290473,0
65487,0
499325,0
236355,0
498082,0
251895,0
545285,0
19965,0
227880,0
557692,0
205303,0
42391,0
371107,0
211537,0
606476,0
404303,0
58368,0
547530,0
352078,0
304663,0
513066,0
161762,0
62280,0
394068,0
590076,0
138456,0
506052,0
392654,0
217428,0
218310,0
105336,0
165854,0
572437,0
461209,0
532605,0
169530,0
96061,0
603874,0
356160,0
186920,0
50604,0
104000,0
351279,0
379134,0
339794,0
170071,0
299982,0
474363,0
186633,0
307346,0
10404,0
123168,0
574809,0
101938,0
156936,0
166485,0
168679,0
548632,0
436254,0
38062,0
287846,0
509814,0
141901,0
382681,0
587549,0
186885,0
40266,0
133942,0
489152,0
227154,0
113065,0
486633,0
2519,0
500748,0
217832,0
578658,0
372564,0
463224,0
129224,0
81206,0
557598,0
413710,0
269166,0
429875,0
403989,0
353724,0
195806,0
338476,0
556555,0
182710,0
126103,0
393440,0
518917,0
57468,0
601721,0
302585,0
509183,0
535224,0
49430,0
193418,0
381377,0
608332,0
225118,0
351101,0
523996,0
602110,0
411372,0
374049,0
586308,0
133900,0
305685,0
372491,0
431152,0
199447,0
219396,0
273580,0
93258,0
21070,0
120655,0
159201,0
189200,0
369724,0
98906,0
512999,0
194212,0
430853,0
437031,0
392387,0
110131,0
537248,0
43174,0
351048,0
17478,0
430420,0
390343,0
470486,0
374157,0
15160,0
305726,0
457613,0
393121,0
27390,0
280222,0
175676,0
445042,0
606881,0
110751,0
393767,0
440350,0
524383,0
586707,0
456949,0
83361,0
432226,0
610155,0
124648,0
502183,0
517138,0
121397,0
154112,0
295384,0
121904,0
158644,0
112981,0
468669,0
84698,0
606553,0
140710,0
126992,0
284887,0
351004,0
94703,0
530957,0
303763,0
232767,0
532065,0
356695,0
234800,0
265458,0
591478,0
509923,0
350132,0
249082,0
174532,0
367094,0
481033,0
259107,0
474748,0
569462,0
21217,0
446335,0
225711,0
288426,0
94529,0
32955,0
467844,0
591539,0
299640,0
426974,0
12297,0
316948,0
263235,0
365142,0
546260,0
291723,0
133171,0
237767,0
101523,0
182334,0
31,0
403557,0
610206,0
36153,0
217320,0
62110,0
364751,0
406837,0
429593,0
13323,0
101162,0
55823,0
326584,0
588350,0
533372,0
388689,0
517090,0
287380,0
479832,0
65542,0
526018,0
481264,0
53128,0
336376,0
93142,0
512233,0
434194,0
302858,0
478494,0
413518,0
16112,0
523750,0
10113,0
399588,0
372426,0
145088,0
197534,0
568829,0
409100,0
570033,0
59596,0
269741,0
350985,0
442687,0
50566,0
247086,0
141599,0
563775,0
446060,0
352280,0
569457,0
8303,0
459070,0
357859,0
322818,0
21206,0
33378,0
528254,0
394155,0
261830,0
381875,0
478781,0
439843,0
50714,0
288494,0
324795,0
541422,0
29661,0
532109,0
538215,0
585037,0
73779,0
274669,0
449662,0
269612,0
40393,0
109983,0
290517,0
559948,0
429478,0
111128,0
307313,0
545328,0
61895,0
395093,0
183073,0
406958,0
53733,0
135772,0
369553,0
116952,0
529744,0
524400,0
59400,0
307299,0
463850,0
231389,0
280444,0
163779,0
487359,0
192774,0
371909,0
537238,0
595866,0
132357,0
459183,0
373876,0
350865,0
567543,0
191410,0
475958,0
137218,0
27752,0
177839,0
96663,0
461182,0
142717,0
549250,0
466206,0
368431,0
218671,0
218950,0
451484,0
282673,0
191674,0
169995,0
196799,0
451823,0
185786,0
227942,0
207967,0
338246,0
358008,0
599309,0
44638,0
163630,0
603080,0
237337,0
435030,0
583630,0
321375,0
494981,0
573994,0
503416,0
544404,0
485346,0
208481,0
244641,0
320174,0
7817,0
524215,0
310596,0
189340,0
413808,0
334642,0
411317,0
438662,0
251699,0
57178,0
323741,0
495899,0
385838,0
490901,0
550554,0
562178,0
251862,0
120660,0
290056,0
394354,0
594738,0
158725,0
224051,0
370496,0
34984,0
217365,0
348607,0
286911,0
204072,0
449332,0
250103,0
349635,0
464213,0
5245,0
363885,0
506030,0
264681,0
133436,0
251666,0
275895,0
453083,0
542923,0
328028,0
24955,0
393677,0
427409,0
380997,0
282378,0
400116,0
340813,0
513528,0
91525,0
66379,0
433344,0
144929,0
179000,0
464774,0
339982,0
563916,0
159097,0
75081,0
590110,0
509590,0
144847,0
373881,0
464264,0
19253,0
114579,0
335224,0
577856,0
592550,0
207878,0
372749,0
159720,0
129634,0
362280,0
441921,0
341509,0
328545,0
344607,0
574716,0
590961,0
332137,0
447065,0
135835,0
122763,0
375465,0
221487,0
590537,0
31942,0
461456,0
572916,0
509395,0
5090,0
507489,0
518548,0
343767,0
405957,0
458102,0
471187,0
204311,0
212059,0
562933,0
448022,0
420464,0
554837,0
131979,0
409992,0
4197,0
233891,0
357481,0
169350,0
436234,0
470918,0
484287,0
37568,0
275031,0
413639,0
18719,0
448593,0
327190,0
150428,0
544128,0
461258,0
318344,0
524226,0
136224,0
273457,0
583378,0
244324,0
519596,0
514793,0
34323,0
368469,0
394177,0
211518,0
89954,0
267834,0
190212,0
201319,0
535503,0
64496,0
339141,0
58556,0
443500,0
116085,0
144548,0
416526,0
261139,0
599720,0
8844,0
261791,0
380537,0
528548,0
505111,0
483147,0
266459,0
40611,0
249690,0
319564,0
150187,0
255663,0
125471,0
222301,0
384840,0
369942,0
147148,0
125012,0
571524,0
365246,0
517534,0
104027,0
583406,0
369623,0
135782,0
354392,0
147684,0
297861,0
172929,0
185741,0
215182,0
493106,0
505735,0
287585,0
351018,0
260138,0
461172,0
456962,0
544776,0
185446,0
339220,0
604626,0
151355,0
406896,0
45965,0
117141,0
206892,0
127945,0
25079,0
539925,0
105756,0
456748,0
403581,0
354478,0
67307,0
83496,0
190549,0
284386,0
559433,0
304363,0
555889,0
407242,0
408009,0
429921,0
239832,0
552160,0
422195,0
185094,0
413671,0
114880,0
310392,0
284445,0
154831,0
124247,0
591730,0
238666,0
102360,0
502499,0
594600,0
405632,0
397105,0
582296,0
164132,0
552850,0
235705,0
472139,0
331572,0
344529,0
227642,0
486125,0
517157,0
117033,0
511267,0
139589,0
590433,0
272791,0
495700,0
522409,0
19430,0
205966,0
116332,0
130967,0
581501,0
56599,0
372077,0
201138,0
7763,0
169460,0
425922,0
193398,0
101948,0
33883,0
202350,0
96922,0
380000,0
77195,0
230263,0
596381,0
294402,0
396658,0
565350,0
238375,0
201348,0
403760,0
52819,0
206760,0
520904,0
435674,0
464572,0
318506,0
349844,0
140859,0
563492,0
378277,0
174267,0
227043,0
42753,0
414662,0
188509,0
138290,0
360197,0
112706,0
18099,0
544348,0
239141,0
451654,0
498626,0
335180,0
458260,0
589305,0
228238,0
463295,0
61508,0
244386,0
194471,0
138592,0
521353,0
330954,0
473428,0
424946,0
456078,0
150918,0
61825,0
118545,0
222012,0
68318,0
301277,0
525078,0
398118,0
139003,0
228338,0
59946,0
187868,0
74547,0
562567,0
27616,0
116037,0
549485,0
402743,0
434207,0
146660,0
22560,0
335522,0
190881,0
68074,0
210406,0
281476,0
54693,0
280293,0
251389,0
460560,0
143475,0
459931,0
285714,0
269060,0
147955,0
533105,0
278984,0
439489,0
96505,0
167004,0
250182,0
360127,0
176459,0
604993,0
604081,0
262327,0
434527,0
345234,0
226718,0
178721,0
303118,0
360114,0
66998,0
35109,0
337648,0
376131,0
494410,0
271699,0
414167,0
509717,0
363433,0
377580,0
388320,0
603159,0
365863,0
563270,0
65296,0
502821,0
278864,0
379956,0
18632,0
94194,0
16136,0
23153,0
495256,0
399682,0
14639,0
265130,0
546639,0
323410,0
57121,0
227673,0
435738,0
53099,0
366801,0
94035,0
606891,0
108537,0
307258,0
424903,0
504856,0
77343,0
138387,0
91012,0
97790,0
542694,0
64294,0
399929,0
537095,0
451635,0
404184,0
240573,0
580029,0
189302,0
196365,0
579991,0
462249,0
441615,0
297963,0
305970,0
11024,0
421283,0
291958,0
312226,0
104033,0
162289,0
128403,0
605443,0
464325,0
18734,0
244457,0
249545,0
396554,0
67194,0
236857,0
543140,0
237925,0
124099,0
136490,0
326297,0
391747,0
607744,0
262573,0
26829,0
415206,0
340553,0
153414,0
375584,0
11583,0
394009,0
118239,0
295418,0
214706,0
177655,0
534540,0
19638,0
377962,0
215475,0
394806,0
328513,0
59022,0
144232,0
227448,0
513167,0
335390,0
41796,0
419929,0
500735,0
125736,0
151249,0
267431,0
481983,0
538574,0
113651,0
232606,0
45422,0
325218,0
8270,0
286226,0
50410,0
257511,0
104221,0
582148,0
354654,0
573361,0
62661,0
445603,0
228209,0
463531,0
517359,0
378439,0
573968,0
276564,0
122205,0
186951,0
128768,0
280693,0
463327,0
353891,0
371033,0
309723,0
570732,0
551525,0
315176,0
106568,0
399938,0
321635,0
257164,0
126952,0
421429,0
547982,0
92082,0
52181,0
20617,0
397514,0
125407,0
440537,0
169246,0
112249,0
129182,0
460065,0
473499,0
424266,0
565196,0
191927,0
86886,0
225375,0
131353,0
326542,0
263258,0
280436,0
395869,0
40257,0
140103,0
547214,0
377182,0
162068,0
464455,0
540248,0
289051,0
49558,0
24638,0
157111,0
345659,0
136099,0
509951,0
414715,0
333973,0
158721,0
335816,0
495155,0
376021,0
119835,0
182484,0
362537,0
105853,0
9476,0
296409,0
483123,0
173517,0
148691,0
282228,0
300476,0
378328,0
486686,0
578783,0
174462,0
167300,0
13941,0
300754,0
76375,0
72456,0
381612,0
304287,0
34641,0
458086,0
439370,0
271372,0
304142,0
176141,0
468382,0
182423,0
27949,0
320639,0
45528,0
196703,0
105491,0
552186,0
159990,0
577033,0
250261,0
10169,0
320317,0
186457,0
517072,0
118583,0
565171,0
445892,0
200588,0
494412,0
44107,0
279234,0
399798,0
154607,0
67572,0
23216,0
352101,0
362935,0
468185,0
199625,0
493941,0
291464,0
188200,0
367994,0
508838,0
338720,0
275032,0
477825,0
85791,0
138094,0
465012,0
368893,0
173485,0
502358,0
526686,0
347287,0
237833,0
279538,0
497908,0
261751,0
506799,0
343109,0
43581,0
3892,0
52563,0
194898,0
173592,0
211561,0
54241,0
69252,0
481044,0
582584,0
317782,0
468038,0
556948,0
300927,0
230944,0
426835,0
207908,0
157431,0
10020,0
521306,0
560493,0
247005,0
127738,0
545434,0
561887,0
560567,0
609728,0
269810,0
58030,0
601521,0
48517,0
192825,0
587358,0
487572,0
173286,0
270721,0
578958,0
56015,0
443517,0
545667,0
575746,0
581460,0
383862,0
485096,0
342683,0
540326,0
491646,0
580734,0
399953,0
6903,0
520921,0
193863,0
609910,0
215073,0
588536,0
124885,0
279181,0
518656,0
121418,0
9616,0
433834,0
456688,0
157788,0
335872,0
196823,0
97704,0
96243,0
535146,0
178440,0
47584,0
517445,0
430104,0
574062,0
319545,0
527542,0
461061,0
595137,0
54094,0
117780,0
223947,0
441099,0
185310,0
19034,0
114001,0
606841,0
15180,0
50348,0
83026,0
475035,0
261757,0
98691,0
170203,0
467385,0
268453,0
507465,0
581677,0
497976,0
368002,0
537803,0
33601,0
54718,0
98454,0
562571,0
532030,0
483185,0
587570,0
380171,0
159026,0
89386,0
393625,0
599479,0
265372,0
172627,0
156494,0
456255,0
469746,0
459028,0
280314,0
71470,0
411434,0
577488,0
268509,0
494667,0
127250,0
465929,0
270441,0
162513,0
527418,0
246547,0
365676,0
6426,0
26484,0
86164,0
25583,0
576149,0
348441,0
605696,0
390970,0
276293,0
588498,0
365409,0
199471,0
17656,0
59708,0
442241,0
193026,0
337582,0
413996,0
393416,0
414120,0
13279,0
81702,0
422015,0
187958,0
290964,0
195240,0
236375,0
93478,0
347313,0
527211,0
526172,0
350202,0
465002,0
607407,0
180978,0
577820,0
350629,0
509997,0
79642,0
490555,0
234950,0
357168,0
509129,0
548772,0
513015,0
110182,0
448584,0
213217,0
95780,0
412457,0
402086,0
127281,0
548623,0
221745,0
586955,0
30657,0
585963,0
301228,0
453122,0
109045,0
323507,0
313933,0
345552,0
408995,0
190202,0
526572,0
374317,0
606222,0
160196,0
515659,0
248242,0
276363,0
217987,0
411640,0
299946,0
476778,0
597411,0
147779,0
110401,0
36275,0
285096,0
247098,0
80028,0
18188,0
145302,0
46380,0
49051,0
83048,0
364748,0
592515,0
169647,0
93549,0
461521,0
461556,0
573298,0
610723,0
278190,0
324368,0
406421,0
150563,0
452893,0
493891,0
374338,0
137844,0
323568,0
121165,0
67223,0
180926,0
558217,0
458280,0
212518,0
483597,0
485722,0
406175,0
597425,0
93440,0
487596,0
436983,0
41467,0
118013,0
101689,0
541654,0
111273,0
162359,0
185528,0
377806,0
62132,0
333978,0
273829,0
237707,0
351742,0
383619,0
336739,0
390485,0
377748,0
530405,0
410367,0
359028,0
3889,0
456738,0
401365,0
448575,0
154210,0
411688,0
188461,0
361432,0
578354,0
438081,0
278208,0
533088,0
339663,0
283814,0
286169,0
373460,0
719,0
608895,0
403523,0
478255,0
11449,0
597877,0
210912,0
518132,0
600716,0
425377,0
435222,0
373318,0
455582,0
203744,0
589326,0
137672,0
346335,0
397350,0
593699,0
443050,0
556306,0
530252,0
76336,0
550122,0
549840,0
340249,0
403873,0
93495,0
165969,0
257313,0
354918,0
376475,0
395870,0
571432,0
168327,0
123586,0
337429,0
197990,0
45325,0
285551,0
463292,0
163805,0
580519,0
83041,0
522204,0
543283,0
509596,0
447109,0
84439,0
520970,0
89881,0
498560,0
195484,0
568618,0
82044,0
6285,0
540372,0
92596,0
440802,0
359189,0
167397,0
212427,0
18829,0
282374,0
601361,0
339161,0
450706,0
606605,0
92683,0
344750,0
65888,0
134135,0
262161,0
377701,0
60485,0
555519,0
574507,0
117481,0
126832,0
196358,0
496635,0
522626,0
409707,0
296658,0
43926,0
344777,0
553395,0
562841,0
340278,0
116690,0
72522,0
360660,0
268485,0
334886,0
598883,0
50111,0
250635,0
145148,0
308252,0
191875,0
117162,0
501632,0
249295,0
2603,0
276870,0
285521,0
370071,0
83421,0
534341,0
63873,0
296918,0
285256,0
413763,0
228506,0
428719,0
498403,0
196898,0
445973,0
456940,0
310296,0
16339,0
414002,0
552935,0
47876,0
47331,0
21054,0
191555,0
82022,0
349449,0
418731,0
86705,0
557650,0
68775,0
398075,0
474826,0
228559,0
293928,0
338317,0
521287,0
381079,0
521330,0
490631,0
108399,0
288489,0
111576,0
331356,0
322073,0
86502,0
580906,0
283987,0
120958,0
526184,0
599982,0
99511,0
577234,0
563017,0
543487,0
243924,0
329968,0
159021,0
551640,0
115758,0
122666,0
35225,0
45024,0
311117,0
540073,0
516892,0
584282,0
346662,0
600881,0
42645,0
433443,0
302120,0
92316,0
31591,0
456054,0
512428,0
230256,0
554761,0
79123,0
385582,0
269920,0
59144,0
468139,0
598022,0
541881,0
43793,0
248679,0
351635,0
186160,0
134637,0
283063,0
373194,0
279439,0
568669,0
396025,0
472894,0
149978,0
188534,0
484678,0
321201,0
326956,0
441113,0
287041,0
114729,0
414130,0
606323,0
227692,0
264705,0
416781,0
144262,0
51076,0
41626,0
33280,0
552875,0
31404,0
150797,0
400906,0
40929,0
132010,0
52318,0
37374,0
418658,0
181013,0
174017,0
189002,0
487408,0
418913,0
182702,0
358369,0
249367,0
147775,0
473930,0
234244,0
123610,0
103157,0
326989,0
516500,0
385471,0
5730,0
240161,0
561371,0
12910,0
441030,0
482288,0
25355,0
610397,0
487179,0
381336,0
80499,0
325498,0
474674,0
492350,0
606219,0
31909,0
438201,0
473064,0
453326,0
462932,0
282463,0
7065,0
103957,0
357120,0
259462,0
376992,0
217948,0
229632,0
441810,0
76415,0
453114,0
576987,0
93055,0
229220,0
200043,0
130249,0
582398,0
59655,0
64947,0
417473,0
213731,0
413696,0
435119,0
150074,0
173059,0
425033,0
564447,0
337640,0
62598,0
510851,0
320745,0
564373,0
504144,0
359132,0
512424,0
296392,0
451057,0
299729,0
486709,0
503318,0
363472,0
71877,0
376604,0
172648,0
136733,0
48035,0
344643,0
259657,0
72196,0
149661,0
527047,0
506670,0
87738,0
297322,0
412533,0
397967,0
159851,0
210177,0
202222,0
370484,0
408942,0
236450,0
245694,0
51813,0
338399,0
187980,0
167324,0
97845,0
121925,0
436770,0
204046,0
457129,0
581719,0
589060,0
301542,0
561743,0
303645,0
239058,0
569711,0
264342,0
442449,0
88733,0
325983,0
69319,0
428589,0
424057,0
100752,0
112673,0
545144,0
570729,0
499597,0
6499,0
595815,0
93933,0
387418,0
509023,0
530988,0
557855,0
461301,0
171913,0
94161,0
114311,0
140646,0
476398,0
454086,0
16497,0
494570,0
195183,0
412626,0
67427,0
489556,0
6985,0
380775,0
308243,0
309732,0
429925,0
389589,0
219415,0
260478,0
494276,0
76649,0
166838,0
557083,0
240606,0
94433,0
306665,0
534234,0
440912,0
557603,0
528764,0
373635,0
36392,0
492122,0
429404,0
279539,0
346890,0
61622,0
128598,0
512364,0
365054,0
498571,0
214240,0
267186,0
469326,0
74341,0
386560,0
531389,0
122139,0
537606,0
140991,0
246702,0
159598,0
52837,0
326300,0
402111,0
238379,0
470525,0
341441,0
172562,0
592726,0
16831,0
483870,0
95456,0
467572,0
126753,0
381161,0
186942,0
457711,0
457217,0
101877,0
389807,0
197850,0
410773,0
7398,0
38706,0
39567,0
86782,0
176377,0
321574,0
423343,0
163480,0
103121,0
233076,0
287187,0
303606,0
214665,0
593095,0
567778,0
373741,0
481619,0
248189,0
191920,0
222541,0
342465,0
574795,0
393453,0
495489,0
575520,0
579115,0
179995,0
373468,0
90254,0
238039,0
67156,0
106658,0
170604,0
235994,0
363345,0
457900,0
464447,0
329085,0
187185,0
430707,0
569344,0
344470,0
604281,0
298244,0
93119,0
459659,0
459484,0
120566,0
178294,0
411624,0
447294,0
494486,0
334235,0
181502,0
42897,0
82141,0
58579,0
449088,0
441926,0
206611,0
171773,0
32614,0
81538,0
582128,0
1568,0
578617,0
85514,0
431635,0
108462,0
457685,0
284943,0
204832,0
5724,0
142515,0
88414,0
147909,0
407533,0
250641,0
448637,0
98420,0
99189,0
233544,0
112266,0
504571,0
198832,0
28927,0
83714,0
140582,0
21164,0
44783,0
188580,0
528836,0
256557,0
280536,0
410650,0
29410,0
497434,0
76734,0
121015,0
321079,0
603921,0
256540,0
465122,0
79417,0
215749,0
263942,0
193273,0
322822,0
153308,0
241008,0
105956,0
595681,0
122068,0
577355,0
75363,0
440445,0
331265,0
351671,0
559917,0
235756,0
350285,0
131775,0
314025,0
511741,0
405489,0
344933,0
196911,0
415535,0
172776,0
178424,0
100934,0
164549,0
533189,0
454613,0
359921,0
337784,0
574339,0
146723,0
82077,0
354401,0
18393,0
75258,0
146174,0
414380,0
102871,0
200877,0
487522,0
593415,0
148971,0
171537,0
219397,0
181905,0
164474,0
592786,0
344144,0
148628,0
69602,0
567559,0
118211,0
446997,0
478973,0
270487,0
116595,0
609580,0
606232,0
31716,0
474918,0
573375,0
110533,0
610323,0
115332,0
28292,0
244160,0
308152,0
348681,0
573688,0
411788,0
293311,0
215167,0
152540,0
304990,0
89912,0
128549,0
510109,0
506642,0
519559,0
256080,0
244670,0
190874,0
387960,0
100158,0
207074,0
151712,0
160409,0
243925,0
23372,0
98248,0
592375,0
236368,0
442714,0
544172,0
144336,0
326633,0
569720,0
151298,0
2908,0
157570,0
6841,0
378430,0
220605,0
85568,0
464664,0
438925,0
129398,0
546402,0
108496,0
417670,0
495414,0
443490,0
248236,0
501654,0
442475,0
504789,0
540154,0
78985,0
1543,0
363291,0
574186,0
403276,0
70373,0
212855,0
429346,0
579050,0
15078,0
469322,0
233521,0
156506,0
300367,0
274564,0
574140,0
201561,0
185162,0
237613,0
571438,0
511243,0
486984,0
146749,0
375415,0
482302,0
13462,0
320914,0
587635,0
243839,0
309304,0
94454,0
406655,0
394077,0
425412,0
592360,0
46991,0
262689,0
493323,0
389961,0
188139,0
177605,0
391358,0
491894,0
470915,0
76797,0
86566,0
290760,0
135691,0
219970,0
225293,0
566598,0
157174,0
427291,0
433292,0
466939,0
424405,0
345144,0
269044,0
199978,0
516146,0
520072,0
369615,0
268282,0
51737,0
337883,0
16637,0
267565,0
498740,0
112556,0
527045,0
81011,0
28678,0
605817,0
438486,0
315130,0
46434,0
376680,0
424140,0
503864,0
443212,0
191846,0
423160,0
591222,0
245744,0
284100,0
375769,0
287814,0
291328,0
516800,0
209015,0
187671,0
2892,0
205639,0
59881,0
165414,0
327004,0
509772,0
67914,0
26777,0
321299,0
317682,0
570544,0
114996,0
243559,0
221079,0
583585,0
38850,0
24380,0
293189,0
98049,0
445545,0
120557,0
37628,0
551029,0
470460,0
323720,0
423623,0
594014,0
188518,0
591535,0
446037,0
326612,0
61174,0
498256,0
186568,0
523598,0
282414,0
131804,0
361105,0
169250,0
100573,0
324964,0
118359,0
380462,0
378977,0
600429,0
123222,0
31436,0
194707,0
443089,0
432258,0
540686,0
342168,0
300383,0
532487,0
400473,0
93872,0
414221,0
228476,0
428012,0
294960,0
186650,0
396588,0
264998,0
388592,0
175100,0
100773,0
363052,0
437400,0
212900,0
15539,0
74259,0
66057,0
416518,0
141698,0
147435,0
176812,0
229666,0
137987,0
66737,0
237065,0
24935,0
481817,0
375335,0
575033,0
142916,0
515673,0
387146,0
495576,0
87703,0
429898,0
538605,0
24173,0
507647,0
285388,0
569613,0
392903,0
280996,0
183513,0
277403,0
94956,0
189723,0
366570,0
270555,0
540412,0
265627,0
458561,0
65172,0
25458,0
10514,0
31929,0
605441,0
300792,0
102516,0
243725,0
17596,0
521489,0
31222,0
20244,0
358464,0
459722,0
452546,0
20196,0
94068,0
481337,0
24542,0
433579,0
80443,0
488696,0
429731,0
184726,0
297934,0
442226,0
85188,0
523354,0
340272,0
10186,0
581693,0
401378,0
155504,0
547120,0
95314,0
379239,0
119816,0
158723,0
206661,0
12850,0
603857,0
510549,0
7750,0
86270,0
287984,0
207788,0
609293,0
376398,0
392382,0
322581,0
551286,0
239530,0
527782,0
45042,0
583923,0
67040,0
266859,0
361344,0
384107,0
95341,0
225160,0
196120,0
55744,0
27580,0
556974,0
86697,0
169693,0
234745,0
103893,0
454433,0
574743,0
594478,0
287054,0
255765,0
269012,0
189467,0
22119,0
437479,0
533384,0
471509,0
246312,0
579770,0
193340,0
181213,0
409669,0
334149,0
365044,0
542359,0
524586,0
328350,0
470404,0
428952,0
295160,0
339948,0
430576,0
363530,0
209736,0
471464,0
282238,0
539166,0
71412,0
569592,0
482498,0
101210,0
605780,0
423316,0
74717,0
437462,0
509611,0
272169,0
532105,0
202223,0
61881,0
392316,0
321629,0
447954,0
608991,0
123411,0
586217,0
528305,0
339704,0
327359,0
422612,0
530503,0
151204,0
169144,0
566105,0
429931,0
361270,0
113114,0
438730,0
540218,0
579635,0
601160,0
190396,0
127156,0
541096,0
578099,0
7112,0
353306,0
216199,0
247232,0
419709,0
526120,0
285707,0
30414,0
14547,0
176593,0
102879,0
490748,0
420448,0
256827,0
602725,0
501408,0
334888,0
4843,0
15842,0
342858,0
588819,0
178625,0
348170,0
567264,0
153863,0
405905,0
113785,0
428929,0
537895,0
564843,0
508786,0
109578,0
443418,0
192663,0
486361,0
393662,0
468713,0
580135,0
470396,0
17554,0
89688,0
382658,0
555583,0
203140,0
348402,0
89835,0
150332,0
515331,0
479857,0
386279,0
33255,0
570825,0
589188,0
461402,0
591221,0
280275,0
47231,0
181650,0
251481,0
124185,0
354063,0
577752,0
321751,0
603533,0
364941,0
548811,0
496184,0
172645,0
522958,0
319849,0
140957,0
321136,0
607543,0
4870,0
287221,0
364897,0
138132,0
2433,0
513898,0
357684,0
493663,0
517305,0
391861,0
151714,0
116340,0
349069,0
398147,0
485058,0
27204,0
452059,0
444076,0
420928,0
407642,0
320053,0
55636,0
155030,0
447627,0
567744,0
90040,0
471183,0
397960,0
326988,0
206724,0
590734,0
106580,0
173977,0
268722,0
48086,0
107639,0
284632,0
390862,0
521410,0
277177,0
223607,0
260355,0
343436,0
413830,0
187970,0
220843,0
281297,0
17318,0
377889,0
541973,0
98634,0
554927,0
556491,0
359581,0
5804,0
449614,0
33362,0
291185,0
455551,0
356516,0
188921,0
498213,0
570056,0
340180,0
110496,0
282366,0
486265,0
199390,0
109757,0
87380,0
417652,0
216065,0
93370,0
117934,0
130341,0
107832,0
342,0
152026,0
70896,0
289413,0
517187,0
265547,0
334134,0
35944,0
168802,0
438073,0
119471,0
240075,0
162621,0
538212,0
142452,0
233753,0
465946,0
406352,0
532037,0
119646,0
307077,0
452150,0
109267,0
63426,0
155984,0
585491,0
501573,0
120207,0
533277,0
514182,0
148417,0
554511,0
179695,0
441005,0
557153,0
79300,0
440040,0
187230,0
350397,0
23517,0
225066,0
54429,0
260317,0
150214,0
344804,0
379446,0
13657,0
402710,0
291349,0
335677,0
434940,0
537152,0
328398,0
493278,0
136214,0
305952,0
187249,0
201966,0
389650,0
168745,0
493645,0
123938,0
67797,0
171237,0
548999,0
500950,0
368087,0
86296,0
305694,0
436545,0
497681,0
250810,0
421013,0
97546,0
447565,0
97047,0
170812,0
576190,0
199621,0
238767,0
418378,0
361220,0
217523,0
457049,0
374284,0
493298,0
339942,0
5927,0
175866,0
226557,0
366510,0
479094,0
542879,0
237915,0
385108,0
391840,0
139593,0
320650,0
476339,0
138567,0
187261,0
547964,0
401822,0
451694,0
63061,0
100180,0
191768,0
210188,0
65321,0
558812,0
348858,0
488466,0
299837,0
3363,0
70415,0
59824,0
454983,0
338912,0
404909,0
146830,0
523972,0
493831,0
303359,0
85363,0
584475,0
442160,0
528319,0
118981,0
250579,0
568207,0
589594,0
201009,0
9295,0
610776,0
148084,0
536001,0
14152,0
602870,0
226690,0
407261,0
282816,0
356273,0
519885,0
341863,0
260622,0
349039,0
589760,0
363981,0
536162,0
12479,0
119556,0
544991,0
302964,0
458910,0
324093,0
105728,0
382001,0
590339,0
165588,0
430654,0
102097,0
529343,0
508443,0
479571,0
304297,0
368422,0
422068,0
531754,0
162847,0
186567,0
362799,0
481725,0
471941,0
378603,0
366135,0
545286,0
550497,0
596513,0
304953,0
447898,0
581836,0
263376,0
176847,0
145223,0
134185,0
200238,0
579970,0
485110,0
296093,0
68994,0
603777,0
178378,0
33801,0
458663,0
534486,0
352294,0
575893,0
460566,0
330249,0
592913,0
247119,0
536507,0
432991,0
131097,0
460246,0
183836,0
593656,0
93943,0
522695,0
208784,0
271826,0
520039,0
579868,0
170209,0
262983,0
354517,0
137642,0
529438,0
152364,0
137730,0
189061,0
246483,0
251690,0
227780,0
155429,0
410393,0
212066,0
48739,0
306535,0
541541,0
508664,0
196770,0
452965,0
506094,0
286019,0
190938,0
548541,0
275616,0
158845,0
144987,0
285206,0
460786,0
402502,0
195905,0
284422,0
116823,0
188847,0
23013,0
145094,0
70521,0
195765,0
481095,0
366632,0
131955,0
201504,0
379197,0
434763,0
235472,0
449564,0
546625,0
548491,0
576977,0
351978,0
44663,0
365791,0
555676,0
247692,0
525141,0
75064,0
420776,0
275297,0
585849,0
12161,0
210245,0
459982,0
523746,0
27313,0
285574,0
163845,0
514481,0
446488,0
97677,0
561985,0
33079,0
511254,0
82739,0
363999,0
178941,0
192391,0
591956,0
308904,0
378241,0
49085,0
355872,0
479830,0
379378,0
12811,0
319011,0
189657,0
223356,0
299298,0
243127,0
148927,0
71288,0
600785,0
357712,0
231938,0
541848,0
193959,0
215910,0
139210,0
219336,0
521142,0
199181,0
93720,0
94151,0
534805,0
300295,0
239382,0
481378,0
546718,0
223894,0
305932,0
236419,0
317480,0
492365,0
516272,0
119817,0
93561,0
272861,0
318212,0
3837,0
513537,0
228327,0
531226,0
478878,0
486664,0
364183,0
89784,0
207091,0
131674,0
541913,0
325491,0
322634,0
80005,0
584366,0
154535,0
262460,0
144,0
161581,0
234262,0
473011,0
111824,0
206620,0
82179,0
409321,0
177231,0
94110,0
231883,0
276164,0
303524,0
384598,0
431889,0
395142,0
507101,0
528330,0
235689,0
149789,0
415980,0
439684,0
429390,0
2900,0
213189,0
66364,0
525228,0
461109,0
121006,0
227204,0
489871,0
584377,0
609949,0
489080,0
561651,0
488530,0
402015,0
376805,0
450175,0
459556,0
400025,0
137637,0
606314,0
529780,0
26124,0
119107,0
307440,0
259877,0
403029,0
153714,0
279128,0
541005,0
89440,0
475955,0
297739,0
566852,0
145294,0
304330,0
531962,0
383937,0
365790,0
535126,0
604809,0
383914,0
593216,0
490533,0
387596,0
577426,0
533843,0
94918,0
63715,0
348171,0
151611,0
515848,0
429712,0
459832,0
108535,0
544002,0
202214,0
332464,0
553689,0
62448,0
383922,0
510083,0
499380,0
137752,0
469693,0
196003,0
106874,0
14411,0
582698,0
129270,0
599760,0
542321,0
511380,0
148504,0
431408,0
250567,0
572944,0
82415,0
465901,0
52587,0
145080,0
266196,0
494111,0
471368,0
503791,0
282227,0
516935,0
11062,0
11414,0
30640,0
363353,0
2422,0
518902,0
349376,0
439161,0
320157,0
471499,0
362905,0
565364,0
27929,0
106771,0
416593,0
247970,0
270373,0
500924,0
153688,0
220135,0
462187,0
568051,0
502135,0
212596,0
86802,0
583301,0
320615,0
533873,0
35940,0
437746,0
346805,0
209384,0
406507,0
78447,0
411708,0
458350,0
534103,0
185539,0
526475,0
447101,0
503686,0
562008,0
244138,0
386006,0
277419,0
202973,0
215224,0
163736,0
431462,0
62635,0
559724,0
423770,0
43818,0
452966,0
429532,0
300990,0
127944,0
438425,0
281159,0
12138,0
512,0
525271,0
194665,0
201008,0
67519,0
273131,0
517958,0
173883,0
218384,0
387416,0
147970,0
580514,0
465627,0
63592,0
419186,0
573244,0
404433,0
418210,0
109516,0
584942,0
282646,0
95284,0
416252,0
283349,0
225004,0
156131,0
497623,0
531146,0
258571,0
274777,0
578948,0
541665,0
31295,0
388196,0
20743,0
353044,0
189460,0
487210,0
27003,0
464239,0
74142,0
400933,0
478554,0
512621,0
105340,0
578751,0
304520,0
33548,0
305712,0
383829,0
143840,0
73815,0
70882,0
262647,0
543918,0
103180,0
462637,0
417859,0
568739,0
106592,0
491862,0
457825,0
265708,0
395616,0
314771,0
64532,0
64024,0
418417,0
565691,0
239735,0
110933,0
151234,0
129025,0
449205,0
12489,0
422735,0
1505,0
170219,0
536345,0
405269,0
346912,0
69365,0
371148,0
471445,0
53838,0
219166,0
30085,0
208380,0
579684,0
455710,0
209757,0
65936,0
162347,0
304632,0
185355,0
92964,0
383476,0
606901,0
87874,0
325674,0
112966,0
220701,0
129575,0
341130,0
262722,0
483502,0
281033,0
260404,0
77797,0
527432,0
489680,0
59176,0
598877,0
280257,0
6918,0
515258,0
326158,0
390645,0
49842,0
328777,0
573703,0
443501,0
582433,0
424208,0
274482,0
199999,0
45309,0
145333,0
400742,0
125300,0
240426,0
485179,0
230059,0
434409,0
147090,0
431089,0
557134,0
592857,0
41269,0
371853,0
77316,0
508313,0
153474,0
585819,0
540628,0
606180,0
112566,0
510140,0
369981,0
110976,0
200652,0
418633,0
37406,0
480410,0
488419,0
16361,0
279700,0
137264,0
218930,0
128663,0
129005,0
363292,0
212119,0
480791,0
363891,0
110606,0
110718,0
402963,0
166738,0
114387,0
474264,0
339406,0
56794,0
136159,0
548511,0
533180,0
599020,0
573127,0
20068,0
247837,0
375731,0
153281,0
314477,0
450025,0
464946,0
595550,0
425767,0
173384,0
290071,0
14644,0
345910,0
381026,0
290639,0
67792,0
491930,0
41018,0
422619,0
60431,0
459091,0
240633,0
348561,0
304683,0
185494,0
393622,0
519425,0
582986,0
267794,0
137331,0
419583,0
58079,0
564893,0
424688,0
179597,0
186056,0
447888,0
452741,0
135891,0
198290,0
454789,0
465840,0
301249,0
278804,0
352086,0
460925,0
206996,0
608716,0
445965,0
321630,0
394763,0
339030,0
163154,0
11098,0
32497,0
162218,0
334177,0
184451,0
173759,0
250266,0
60312,0
82277,0
235451,0
466049,0
355265,0
403411,0
525526,0
275950,0
522510,0
380051,0
579002,0
531722,0
78758,0
95006,0
172145,0
494882,0
94229,0
431125,0
382928,0
600649,0
534366,0
207267,0
414666,0
562855,0
443621,0
468980,0
20559,0
87197,0
157414,0
101525,0
150411,0
610657,0
474238,0
99938,0
450540,0
490651,0
258078,0
4584,0
207550,0
292354,0
193136,0
398551,0
414737,0
189426,0
132724,0
179180,0
151190,0
73127,0
586872,0
172677,0
13921,0
344591,0
221145,0
345953,0
85578,0
398136,0
415622,0
348890,0
112604,0
25138,0
501088,0
212321,0
578480,0
332214,0
88609,0
148389,0
160587,0
172204,0
49761,0
193897,0
191489,0
459839,0
221910,0
368261,0
43308,0
308351,0
413186,0
488335,0
207452,0
348403,0
109271,0
598140,0
382914,0
141883,0
397150,0
516116,0
375831,0
273992,0
424216,0
328565,0
435431,0
458255,0
133045,0
243338,0
519096,0
316991,0
489238,0
470374,0
474858,0
305268,0
541598,0
425569,0
603896,0
402107,0
605532,0
544910,0
520351,0
132623,0
474648,0
295740,0
443578,0
580484,0
5477,0
526310,0
244693,0
571934,0
560622,0
97037,0
178452,0
23987,0
556722,0
2941,0
493758,0
522805,0
58645,0
263104,0
352960,0
407513,0
25814,0
1752,0
145422,0
354698,0
590047,0
96713,0
338108,0
530345,0
310207,0
78993,0
85513,0
428372,0
160868,0
557422,0
165318,0
413376,0
227850,0
234898,0
418527,0
509749,0
142924,0
498408,0
540629,0
494212,0
236923,0
434971,0
296235,0
48454,0
46265,0
587863,0
135497,0
492942,0
432712,0
436457,0
326607,0
18351,0
569963,0
74546,0
61733,0
263149,0
210770,0
53093,0
450482,0
413831,0
47913,0
445989,0
323429,0
413290,0
452305,0
67911,0
168484,0
208155,0
578993,0
565664,0
275827,0
458534,0
449938,0
181148,0
182629,0
244612,0
409125,0
466319,0
65206,0
511321,0
130687,0
296984,0
293345,0
346475,0
37186,0
497636,0
235720,0
598919,0
104703,0
110269,0
572384,0
301724,0
525096,0
353953,0
163497,0
344857,0
435718,0
609258,0
58523,0
98796,0
199048,0
487862,0
448226,0
331452,0
403062,0
164200,0
504438,0
168553,0
50535,0
261599,0
362028,0
557184,0
186300,0
608082,0
286669,0
182460,0
177806,0
41043,0
283148,0
507061,0
452803,0
295697,0
217000,0
77299,0
517465,0
92615,0
1353,0
18305,0
577956,0
351511,0
550182,0
556752,0
256576,0
115453,0
33282,0
445447,0
376023,0
329673,0
525582,0
379340,0
389424,0
393062,0
410128,0
221290,0
564007,0
528486,0
398705,0
516761,0
150027,0
337419,0
60430,0
138234,0
409514,0
330045,0
396827,0
21611,0
62697,0
353945,0
80753,0
379701,0
49770,0
531917,0
229564,0
515797,0
58998,0
413354,0
430998,0
7740,0
381445,0
251694,0
277459,0
472448,0
128508,0
473409,0
145360,0
263246,0
19751,0
378380,0
88796,0
50751,0
48351,0
542488,0
499422,0
486687,0
111203,0
455632,0
604676,0
119983,0
550030,0
588025,0
233625,0
542257,0
297863,0
120174,0
235506,0
489093,0
457652,0
27974,0
272260,0
329958,0
348918,0
472650,0
445420,0
285244,0
89233,0
108138,0
262349,0
477538,0
502453,0
368492,0
361062,0
605622,0
122187,0
484734,0
443939,0
357679,0
205490,0
598519,0
382429,0
328342,0
277973,0
570700,0
68406,0
182734,0
108931,0
36885,0
107408,0
413137,0
124964,0
377304,0
123980,0
192120,0
261842,0
34779,0
267383,0
505752,0
320641,0
490034,0
268699,0
355878,0
364446,0
127965,0
93902,0
561931,0
520481,0
385095,0
597039,0
98480,0
574594,0
246587,0
543531,0
442520,0
452748,0
114349,0
131391,0
64683,0
102916,0
126240,0
298719,0
222838,0
51521,0
537153,0
387589,0
504439,0
338307,0
58680,0
522391,0
496367,0
54334,0
588922,0
522302,0
21821,0
534253,0
568497,0
161133,0
575768,0
450539,0
322494,0
97610,0
67545,0
342776,0
277907,0
95545,0
151330,0
87621,0
201540,0
92339,0
115883,0
486086,0
51207,0
78168,0
547185,0
457258,0
62053,0
124413,0
174491,0
538121,0
297088,0
495741,0
609383,0
499867,0
91640,0
531606,0
173693,0
142038,0
590818,0
274435,0
49356,0
437735,0
349285,0
486355,0
509656,0
42442,0
11777,0
110472,0
213635,0
247589,0
496674,0
121774,0
476057,0
220928,0
200644,0
13036,0
502296,0
201793,0
301975,0
534082,0
300471,0
139362,0
40367,0
583031,0
276563,0
471981,0
196152,0
521581,0
581123,0
357887,0
271110,0
182473,0
483647,0
251524,0
64850,0
2111,0
454388,0
162536,0
505443,0
455577,0
510909,0
480839,0
258835,0
561051,0
541286,0
503783,0
358820,0
478838,0
465640,0
12037,0
550160,0
540880,0
461423,0
173174,0
22984,0
356379,0
139754,0
78140,0
421786,0
541757,0
222299,0
580410,0
145258,0
510878,0
352344,0
132556,0
374016,0
520096,0
240792,0
323601,0
48803,0
473894,0
605482,0
84201,0
152633,0
581906,0
539683,0
412178,0
361803,0
515305,0
308064,0
375122,0
509953,0
177934,0
34704,0
583517,0
248552,0
447623,0
610571,0
46671,0
130921,0
76535,0
102783,0
560483,0
480773,0
532626,0
140118,0
419602,0
111877,0
200032,0
223983,0
223573,0
353152,0
513406,0
518538,0
504690,0
205324,0
517883,0
435155,0
308133,0
486004,0
187512,0
357123,0
121278,0
55770,0
214477,0
352986,0
36421,0
56261,0
545795,0
100152,0
382906,0
342388,0
39905,0
422455,0
17589,0
45733,0
65498,0
97387,0
249484,0
128574,0
84989,0
452170,0
260406,0
384988,0
204626,0
523204,0
439714,0
307062,0
118307,0
333837,0
22077,0
12403,0
18136,0
39200,0
209489,0
33857,0
467614,0
508554,0
90634,0
402289,0
3087,0
396033,0
275826,0
171276,0
252029,0
343660,0
359463,0
31369,0
360149,0
581162,0
362422,0
356456,0
426032,0
247280,0
15076,0
267817,0
272494,0
606309,0
569450,0
100719,0
102430,0
131378,0
445948,0
558539,0
230728,0
604801,0
131926,0
180238,0
129849,0
122398,0
491222,0
40905,0
154428,0
376799,0
412797,0
599525,0
410390,0
100286,0
206302,0
35565,0
449923,0
386251,0
320894,0
106930,0
220245,0
170340,0
189371,0
492902,0
535652,0
3932,0
526108,0
30930,0
378335,0
62837,0
342913,0
554449,0
415991,0
367689,0
514377,0
500441,0
276634,0
22262,0
491218,0
58226,0
454905,0
319397,0
385514,0
496907,0
185522,0
301469,0
332121,0
331601,0
610487,0
20563,0
202524,0
536632,0
240444,0
471013,0
214234,0
364695,0
341940,0
593451,0
163438,0
526394,0
34559,0
412288,0
498752,0
48445,0
17071,0
509886,0
162393,0
152693,0
224144,0
337595,0
4782,0
429596,0
599213,0
197983,0
540335,0
290134,0
24692,0
223290,0
543012,0
248309,0
449042,0
167000,0
109199,0
508501,0
542785,0
85114,0
84953,0
493656,0
183589,0
111064,0
13169,0
432290,0
87389,0
523849,0
239477,0
465922,0
323122,0
319479,0
72557,0
365008,0
151905,0
566988,0
410856,0
92638,0
132614,0
56483,0
530356,0
447518,0
404862,0
53784,0
358548,0
220254,0
417317,0
201396,0
431132,0
131257,0
196875,0
330818,0
154019,0
237173,0
66864,0
213745,0
516037,0
125225,0
401016,0
306981,0
454441,0
137276,0
505771,0
71938,0
54958,0
447828,0
160405,0
373202,0
90979,0
517690,0
1979,0
223961,0
169055,0
303028,0
237906,0
520357,0
220011,0
558113,0
67506,0
207219,0
205787,0
482524,0
14543,0
572442,0
486893,0
413945,0
133797,0
166213,0
305092,0
211065,0
481045,0
383626,0
465617,0
509537,0
151922,0
269544,0
249758,0
477952,0
583553,0
136763,0
221609,0
472431,0
474553,0
301905,0
415739,0
577483,0
327144,0
532943,0
313869,0
114489,0
314734,0
532192,0
176793,0
328818,0
246994,0
205656,0
574570,0
379423,0
424123,0
526712,0
477263,0
433924,0
145024,0
128261,0
444632,0
555305,0
531668,0
545951,0
148675,0
45475,0
407575,0
574715,0
557662,0
123896,0
308630,0
23282,0
155067,0
387303,0
467449,0
437331,0
506574,0
492467,0
582573,0
348296,0
590260,0
50456,0
358351,0
302273,0
21073,0
165637,0
310769,0
492018,0
151509,0
75811,0
191090,0
90093,0
50071,0
415262,0
445999,0
429114,0
482041,0
176470,0
178170,0
6074,0
104733,0
310861,0
586532,0
9194,0
260901,0
317874,0
353631,0
395536,0
447772,0
358976,0
397573,0
582378,0
549455,0
320043,0
225646,0
546128,0
498380,0
331047,0
192589,0
373215,0
560743,0
178673,0
277075,0
57029,0
110481,0
81480,0
1215,0
299854,0
388073,0
404086,0
180796,0
192344,0
566374,0
385485,0
457100,0
36599,0
122599,0
399224,0
52716,0
583637,0
270609,0
376666,0
122022,0
108461,0
459209,0
389518,0
341363,0
303077,0
255775,0
344167,0
454066,0
211626,0
232750,0
492761,0
526901,0
3077,0
542453,0
591975,0
212239,0
500084,0
259099,0
188752,0
514526,0
49988,0
303355,0
589226,0
39825,0
226290,0
224606,0
278455,0
68273,0
30224,0
476748,0
465321,0
345837,0
50132,0
362865,0
256839,0
210739,0
562220,0
208975,0
394417,0
494919,0
458477,0
24215,0
206473,0
532409,0
554736,0
539306,0
164407,0
360450,0
471256,0
94702,0
270602,0
119235,0
249142,0
261138,0
71446,0
370841,0
530602,0
405057,0
285732,0
448452,0
89445,0
561455,0
205414,0
482286,0
96915,0
93271,0
151893,0
381842,0
183226,0
447843,0
544269,0
335381,0
274048,0
223768,0
167755,0
13365,0
448971,0
468112,0
71888,0
478889,0
368916,0
473898,0
212139,0
439146,0
90113,0
591667,0
166059,0
108644,0
499167,0
390576,0
383686,0
549437,0
312314,0
356311,0
213965,0
549913,0
74756,0
438240,0
140163,0
101275,0
52450,0
281124,0
543785,0
233568,0
152298,0
90224,0
342120,0
561201,0
98515,0
305744,0
177521,0
83430,0
96948,0
479448,0
542369,0
603151,0
71633,0
4284,0
563381,0
174109,0
380788,0
88882,0
156977,0
343688,0
130724,0
36054,0
554195,0
219202,0
257597,0
449253,0
359917,0
255764,0
180462,0
415774,0
279219,0
23410,0
188248,0
221793,0
170104,0
20186,0
491470,0
454095,0
265299,0
178635,0
3071,0
128189,0
494827,0
538860,0
554120,0
536660,0
163773,0
282261,0
321956,0
499109,0
229565,0
234370,0
58594,0
392900,0
485930,0
514429,0
134187,0
499586,0
454473,0
358948,0
515321,0
529169,0
528663,0
221340,0
158669,0
85695,0
298604,0
551870,0
83851,0
358488,0
332435,0
567606,0
429887,0
76704,0
39548,0
508131,0
362188,0
121135,0
26191,0
148780,0
301700,0
141045,0
438267,0
347925,0
356509,0
100644,0
322762,0
410801,0
19507,0
437363,0
507626,0
411462,0
591108,0
472166,0
120085,0
70326,0
77064,0
392896,0
472452,0
207497,0
320144,0
462811,0
51189,0
466395,0
398132,0
495626,0
123275,0
379326,0
13493,0
436142,0
282693,0
24991,0
363918,0
114575,0
423931,0
105714,0
230329,0
28322,0
533103,0
6854,0
595113,0
16380,0
61310,0
604520,0
46419,0
266273,0
202255,0
92233,0
518404,0
38447,0
262312,0
533743,0
370006,0
460492,0
133427,0
451268,0
384698,0
501248,0
575874,0
602308,0
112427,0
459360,0
530651,0
198053,0
426449,0
116371,0
261716,0
306920,0
207490,0
140177,0
60225,0
327706,0
100574,0
519688,0
304358,0
38020,0
558713,0
373604,0
258273,0
53323,0
156937,0
422097,0
65605,0
44622,0
37069,0
427068,0
303546,0
300304,0
320503,0
179508,0
215770,0
333662,0
580799,0
567479,0
248508,0
478574,0
247518,0
355863,0
203120,0
454748,0
377884,0
183208,0
435093,0
222629,0
175749,0
296000,0
343291,0
132400,0
276136,0
347585,0
412404,0
454517,0
198119,0
210426,0
472335,0
312554,0
105269,0
327848,0
540239,0
529371,0
260217,0
306207,0
430379,0
364040,0
579063,0
511562,0
500090,0
47361,0
421958,0
191454,0
84746,0
130599,0
235223,0
585858,0
496762,0
266182,0
421214,0
507057,0
123207,0
211399,0
203680,0
268064,0
235266,0
60144,0
418358,0
181084,0
552970,0
476518,0
5771,0
333339,0
30183,0
340252,0
171789,0
437938,0
526117,0
329833,0
495668,0
74964,0
63023,0
491973,0
239378,0
54412,0
20608,0
75582,0
353635,0
81659,0
327692,0
300958,0
208412,0
377642,0
543867,0
10000,0
575613,0
373757,0
46568,0
28190,0
425741,0
485360,0
294692,0
124891,0
589732,0
444056,0
140781,0
476384,0
211437,0
330069,0
216510,0
302466,0
567176,0
551109,0
558892,0
549582,0
491562,0
195560,0
562535,0
178561,0
10187,0
343914,0
75157,0
440651,0
67030,0
572485,0
323383,0
567560,0
572816,0
510721,0
170360,0
441668,0
81078,0
536858,0
538458,0
321162,0
348378,0
275524,0
178624,0
367453,0
467791,0
134317,0
608095,0
410213,0
52183,0
351682,0
576597,0
438807,0
6648,0
341687,0
40479,0
165773,0
299291,0
199219,0
168464,0
178307,0
384747,0
474141,0
218712,0
9845,0
226113,0
589567,0
510141,0
529086,0
461931,0
364659,0
438552,0
122189,0
62538,0
50584,0
225919,0
128303,0
347674,0
528194,0
272125,0
261270,0
205696,0
226339,0
289903,0
133817,0
458861,0
126624,0
358535,0
520051,0
271616,0
94125,0
170766,0
479006,0
295635,0
528025,0
274720,0
158304,0
206424,0
124048,0
611096,0
57260,0
503559,0
34395,0
326007,0
439837,0
19294,0
163038,0
233097,0
335188,0
339445,0
5282,0
463394,0
556519,0
102883,0
504486,0
494850,0
38841,0
70172,0
351545,0
302852,0
327388,0
209822,0
606905,0
128879,0
327308,0
454155,0
271564,0
61966,0
266903,0
283306,0
381296,0
268579,0
432436,0
417971,0
596095,0
126793,0
149045,0
454139,0
608764,0
211335,0
280531,0
421469,0
252145,0
204860,0
594549,0
450456,0
321908,0
4269,0
41852,0
216037,0
232158,0
43506,0
459598,0
383491,0
326361,0
256468,0
78259,0
6343,0
302606,0
276260,0
447803,0
387003,0
34865,0
219862,0
302145,0
37920,0
574992,0
596540,0
136901,0
547189,0
539357,0
346572,0
29778,0
125043,0
212948,0
323853,0
114749,0
51727,0
219352,0
247626,0
223342,0
500307,0
374226,0
6640,0
163203,0
199659,0
8906,0
247172,0
593972,0
446066,0
1834,0
449813,0
396374,0
538457,0
435760,0
352348,0
169127,0
79681,0
71572,0
556683,0
468927,0
550425,0
214912,0
596666,0
337297,0
169047,0
10409,0
28232,0
414593,0
602472,0
198151,0
215740,0
54211,0
255681,0
102240,0
323188,0
494797,0
141311,0
111505,0
596790,0
602892,0
270159,0
133303,0
37559,0
371554,0
521233,0
289835,0
353770,0
424980,0
281411,0
449652,0
80931,0
188160,0
56488,0
98536,0
475144,0
506806,0
402408,0
199351,0
351911,0
402247,0
28791,0
110564,0
407950,0
235904,0
565916,0
280956,0
401746,0
354898,0
61332,0
152844,0
79885,0
413592,0
415430,0
436833,0
358581,0
430990,0
189884,0
362221,0
123619,0
479943,0
426988,0
562681,0
481770,0
161257,0
405358,0
125609,0
173902,0
312250,0
21934,0
145111,0
491553,0
279469,0
59738,0
588275,0
591369,0
374671,0
552446,0
359210,0
23678,0
543740,0
544110,0
96200,0
494658,0
367915,0
148977,0
346229,0
518969,0
354268,0
89718,0
404581,0
270021,0
261083,0
187778,0
114021,0
100450,0
170118,0
449628,0
402903,0
118719,0
41315,0
57013,0
355272,0
497817,0
249405,0
470719,0
331260,0
324983,0
483369,0
50259,0
476949,0
114786,0
151542,0
178103,0
119769,0
363620,0
2865,0
10395,0
573928,0
532022,0
207954,0
380093,0
537729,0
485467,0
512460,0
103082,0
139860,0
290785,0
349265,0
598663,0
465274,0
323273,0
548100,0
525931,0
596313,0
305437,0
176616,0
461832,0
364955,0
573984,0
511093,0
277292,0
247471,0
57005,0
301109,0
521718,0
209700,0
21449,0
91609,0
475081,0
497156,0
120409,0
72507,0
170153,0
452973,0
505789,0
325829,0
245905,0
538530,0
45059,0
376808,0
436051,0
146630,0
77820,0
52467,0
353161,0
528686,0
414060,0
2078,0
609713,0
482204,0
447533,0
480337,0
467045,0
132550,0
299175,0
294318,0
554288,0
196897,0
478447,0
581348,0
136197,0
110736,0
454759,0
5195,0
552865,0
264069,0
581209,0
265976,0
37013,0
520253,0
160242,0
91213,0
377252,0
447071,0
57475,0
4867,0
546790,0
264446,0
606158,0
235023,0
50864,0
535386,0
285000,0
396335,0
522716,0
31681,0
531923,0
221604,0
306637,0
512994,0
41140,0
53080,0
512387,0
5577,0
330407,0
431832,0
263927,0
340097,0
99146,0
541634,0
68749,0
565464,0
168131,0
61229,0
78728,0
220062,0
343283,0
587129,0
417715,0
589338,0
338414,0
47054,0
179589,0
529027,0
438956,0
507727,0
101947,0
135575,0
546766,0
260011,0
177728,0
377794,0
201978,0
383575,0
447514,0
143292,0
209658,0
219057,0
416081,0
202682,0
591915,0
433976,0
178593,0
32279,0
178063,0
35399,0
406405,0
239337,0
190964,0
182011,0
461279,0
574990,0
79131,0
163685,0
273626,0
328245,0
10504,0
568902,0
164531,0
41899,0
273576,0
105804,0
262420,0
234203,0
53192,0
429338,0
335325,0
583236,0
432587,0
159767,0
355869,0
484041,0
463289,0
146114,0
93699,0
44382,0
530555,0
8709,0
207225,0
288652,0
83469,0
113284,0
403866,0
378287,0
104724,0
286837,0
283678,0
58269,0
114406,0
404943,0
465496,0
326517,0
139114,0
351875,0
273708,0
261153,0
533143,0
43934,0
192248,0
336335,0
79851,0
390854,0
458976,0
570864,0
44409,0
564019,0
177183,0
486353,0
349866,0
152580,0
128175,0
583475,0
69202,0
317289,0
372788,0
92117,0
137262,0
86916,0
572622,0
157902,0
185656,0
111591,0
388078,0
536286,0
442180,0
525379,0
331628,0
362155,0
374163,0
115377,0
586224,0
297297,0
116811,0
542912,0
348919,0
391248,0
103613,0
509582,0
42114,0
327570,0
495813,0
201543,0
126320,0
461668,0
502742,0
285077,0
184935,0
596415,0
171488,0
376180,0
292486,0
404131,0
94598,0
494073,0
355944,0
178735,0
271770,0
306387,0
340764,0
22163,0
116128,0
34079,0
219094,0
140857,0
442476,0
371307,0
270675,0
390607,0
453169,0
144473,0
156931,0
289540,0
58993,0
522889,0
231101,0
297414,0
468905,0
365231,0
351795,0
443286,0
172197,0
487294,0
343314,0
88280,0
580520,0
201849,0
414931,0
227259,0
208742,0
400079,0
72875,0
251562,0
61521,0
1515,0
434670,0
473007,0
153123,0
562423,0
451645,0
321608,0
300814,0
190736,0
138246,0
546133,0
137096,0
300266,0
574463,0
471274,0
501395,0
121805,0
406174,0
512834,0
524959,0
15611,0
158454,0
330267,0
226418,0
573973,0
185774,0
89537,0
296871,0
174250,0
52796,0
148136,0
364104,0
336483,0
103986,0
480896,0
366774,0
333592,0
195778,0
279121,0
312028,0
317547,0
571738,0
519377,0
15453,0
472601,0
337187,0
475105,0
424102,0
346857,0
4232,0
214292,0
91321,0
342134,0
48630,0
292239,0
453236,0
100267,0
528118,0
14282,0
273253,0
588611,0
59386,0
587027,0
435380,0
498692,0
386781,0
145961,0
538381,0
296152,0
249704,0
551423,0
412821,0
310782,0
542060,0
352899,0
98092,0
165264,0
101102,0
191766,0
63899,0
530016,0
110485,0
101951,0
418894,0
320473,0
444718,0
428922,0
417290,0
164692,0
569343,0
48151,0
7222,0
61117,0
575656,0
76152,0
558130,0
239786,0
288631,0
592701,0
66596,0
513147,0
275520,0
72617,0
46636,0
55544,0
288175,0
130869,0
546690,0
199904,0
352421,0
275114,0
24316,0
141872,0
373324,0
352115,0
275118,0
481686,0
500652,0
330775,0
73899,0
364552,0
115451,0
318512,0
333351,0
291206,0
456749,0
153024,0
221370,0
190731,0
434918,0
333640,0
183498,0
379694,0
35979,0
28451,0
134600,0
8651,0
107784,0
366556,0
305139,0
534391,0
85597,0
314780,0
106408,0
456524,0
222870,0
535130,0
580277,0
579379,0
411913,0
468476,0
571880,0
75801,0
561966,0
80477,0
376049,0
169342,0
370750,0
159175,0
434686,0
318208,0
102855,0
102936,0
424659,0
102106,0
312440,0
558259,0
432179,0
370078,0
322351,0
343929,0
156204,0
380871,0
217475,0
384944,0
428786,0
10324,0
356758,0
164799,0
367304,0
227837,0
45228,0
454191,0
88860,0
588644,0
238003,0
411677,0
234077,0
6327,0
65537,0
592823,0
427119,0
465256,0
406254,0
591319,0
283121,0
383604,0
444719,0
133399,0
365747,0
82847,0
463231,0
59533,0
120170,0
447998,0
453588,0
236362,0
233250,0
274192,0
359096,0
286022,0
262871,0
195589,0
11378,0
536415,0
45784,0
475692,0
335412,0
333711,0
288844,0
82292,0
435926,0
171425,0
389304,0
347507,0
317381,0
52851,0
399954,0
140096,0
317703,0
443809,0
165164,0
325163,0
511891,0
271149,0
441420,0
316952,0
184167,0
152576,0
542440,0
567354,0
555591,0
508794,0
320760,0
86136,0
182870,0
31160,0
486110,0
124678,0
226402,0
422192,0
497667,0
405916,0
582809,0
421391,0
127725,0
567372,0
552358,0
71195,0
317618,0
374202,0
532349,0
25096,0
214988,0
162474,0
403202,0
207798,0
455536,0
580710,0
466753,0
127768,0
297768,0
158174,0
233964,0
506911,0
160668,0
233893,0
312552,0
528482,0
171121,0
366768,0
142888,0
296073,0
95575,0
411229,0
426728,0
567665,0
395547,0
507338,0
478334,0
34537,0
465375,0
56168,0
520575,0
469651,0
224616,0
398233,0
43708,0
51880,0
375154,0
178249,0
344592,0
455661,0
585504,0
535993,0
435903,0
366163,0
302842,0
112382,0
563763,0
179856,0
103784,0
1050,0
407371,0
349470,0
470822,0
526183,0
326137,0
13129,0
402727,0
138097,0
278642,0
345225,0
226976,0
610050,0
594246,0
83157,0
182770,0
81914,0
244525,0
372213,0
44019,0
507186,0
10156,0
405754,0
223381,0
531519,0
327041,0
240251,0
175156,0
360391,0
355347,0
37062,0
26136,0
185292,0
347639,0
405313,0
176257,0
333513,0
384192,0
457807,0
368190,0
541730,0
375819,0
532575,0
124840,0
552282,0
224726,0
117927,0
569147,0
357561,0
273791,0
20611,0
338695,0
205259,0
378574,0
338421,0
559262,0
530002,0
128987,0
403712,0
119394,0
141454,0
545919,0
4072,0
304710,0
29744,0
229325,0
404113,0
251560,0
21963,0
103741,0
110327,0
538959,0
395950,0
346374,0
545356,0
457554,0
90228,0
489970,0
431512,0
261521,0
410657,0
514056,0
14092,0
112075,0
205176,0
495031,0
426301,0
604841,0
560250,0
159067,0
311690,0
484136,0
166392,0
311034,0
427585,0
394963,0
341385,0
523280,0
309075,0
280696,0
112208,0
288140,0
217426,0
401931,0
469139,0
298464,0
426338,0
303583,0
488513,0
505393,0
27800,0
272926,0
317692,0
337902,0
531085,0
483708,0
411112,0
64122,0
285518,0
219951,0
553708,0
17930,0
250591,0
502647,0
517313,0
445305,0
74780,0
312090,0
134461,0
426162,0
416347,0
106760,0
122452,0
489289,0
578666,0
266628,0
386391,0
550951,0
130743,0
560014,0
562309,0
286780,0
471293,0
494393,0
396313,0
158580,0
256544,0
220706,0
517040,0
220752,0
546055,0
128351,0
166508,0
544331,0
294071,0
171471,0
64763,0
133941,0
341960,0
443882,0
366436,0
332596,0
336917,0
462543,0
478645,0
178971,0
298965,0
18076,0
297808,0
407312,0
38858,0
537960,0
383688,0
125232,0
32151,0
281066,0
146119,0
421394,0
390041,0
48333,0
305429,0
557172,0
425533,0
236665,0
332347,0
200002,0
330362,0
430059,0
128400,0
310513,0
281144,0
518945,0
76679,0
391390,0
259976,0
210555,0
48258,0
552779,0
470110,0
458593,0
106291,0
412388,0
158799,0
61836,0
458311,0
589230,0
128487,0
275027,0
355690,0
281525,0
551942,0
416642,0
146650,0
281199,0
217261,0
27163,0
144751,0
353329,0
320320,0
97068,0
396605,0
7987,0
480660,0
327529,0
580553,0
91460,0
124980,0
250122,0
61414,0
132240,0
443120,0
525583,0
398673,0
432551,0
146487,0
556877,0
520898,0
498386,0
349271,0
239948,0
367990,0
352825,0
572904,0
402792,0
73633,0
400524,0
566433,0
117593,0
599101,0
525797,0
132714,0
154467,0
3802,0
508063,0
606337,0
580397,0
480722,0
376262,0
358557,0
222023,0
444025,0
173153,0
405319,0
462789,0
28142,0
288260,0
3701,0
54823,0
599992,0
504166,0
354690,0
179772,0
492050,0
146727,0
283979,0
293784,0
369531,0
321504,0
432175,0
338833,0
335200,0
431681,0
82248,0
376881,0
319816,0
603188,0
599681,0
286217,0
611057,0
564737,0
115049,0
471649,0
570956,0
500919,0
527035,0
151482,0
326402,0
592577,0
146611,0
164244,0
308411,0
541299,0
186682,0
214992,0
563815,0
360146,0
378317,0
496194,0
490751,0
589998,0
499406,0
186673,0
238111,0
549359,0
285749,0
465726,0
448374,0
495874,0
343930,0
170955,0
494259,0
256164,0
266557,0
566104,0
328157,0
382568,0
294836,0
165925,0
180214,0
567704,0
372745,0
350087,0
338193,0
34930,0
464801,0
456169,0
209550,0
495709,0
259830,0
221076,0
427431,0
424996,0
222332,0
334460,0
39440,0
230038,0
172190,0
400084,0
576163,0
230187,0
565891,0
153918,0
346628,0
572456,0
563151,0
373031,0
476961,0
324649,0
25237,0
149669,0
588080,0
610661,0
541602,0
39316,0
182206,0
283774,0
231738,0
149781,0
599271,0
602056,0
595421,0
528015,0
131346,0
119672,0
403173,0
523756,0
82181,0
26026,0
491205,0
4129,0
371658,0
180421,0
536238,0
50974,0
363780,0
607111,0
103656,0
272133,0
70323,0
222138,0
559386,0
234429,0
85274,0
562969,0
100066,0
132972,0
330557,0
399832,0
312460,0
341540,0
457382,0
40830,0
53656,0
113714,0
551250,0
403212,0
386457,0
517010,0
344487,0
563665,0
116980,0
42374,0
228720,0
597355,0
233071,0
87034,0
380931,0
215461,0
20108,0
43402,0
431899,0
78699,0
307793,0
99584,0
234510,0
77140,0
359451,0
576036,0
314342,0
464143,0
518812,0
475663,0
182087,0
158777,0
533188,0
498666,0
94327,0
368195,0
586834,0
378421,0
197895,0
499364,0
490108,0
496773,0
346551,0
220984,0
176611,0
444265,0
605808,0
406784,0
581347,0
80838,0
201669,0
285376,0
208377,0
485269,0
553707,0
382918,0
377422,0
6895,0
419409,0
156938,0
382733,0
317723,0
37396,0
347623,0
595481,0
148427,0
555735,0
13674,0
325431,0
207771,0
294269,0
414271,0
322944,0
432085,0
176208,0
146514,0
248667,0
220917,0
34167,0
432090,0
464203,0
279842,0
97922,0
384424,0
437645,0
55407,0
66,0
311440,0
374886,0
235717,0
272480,0
530289,0
12266,0
321643,0
324122,0
95821,0
228260,0
126603,0
548284,0
212065,0
226838,0
586815,0
244229,0
140063,0
88537,0
449061,0
610774,0
258690,0
52180,0
394462,0
89928,0
339257,0
303659,0
323395,0
459895,0
407061,0
398129,0
599979,0
454145,0
103705,0
486898,0
305377,0
460629,0
365358,0
265122,0
104092,0
434031,0
94447,0
49786,0
530885,0
428274,0
124589,0
502962,0
378143,0
438327,0
499191,0
198450,0
171670,0
128963,0
302212,0
507926,0
63973,0
309863,0
177949,0
176760,0
190927,0
474153,0
37797,0
311199,0
575843,0
384014,0
468914,0
235802,0
265565,0
521468,0
125897,0
208639,0
239036,0
417051,0
290609,0
8090,0
214809,0
593098,0
266640,0
5915,0
203546,0
53135,0
392704,0
125104,0
84132,0
24805,0
208568,0
437879,0
291047,0
349314,0
374147,0
268242,0
427727,0
392952,0
113508,0
309882,0
364406,0
192817,0
478421,0
128548,0
130192,0
599026,0
531079,0
451310,0
339631,0
462178,0
10051,0
203790,0
549779,0
488762,0
215747,0
413260,0
507547,0
117864,0
48472,0
28384,0
418424,0
415551,0
250140,0
48116,0
405847,0
16072,0
559162,0
53705,0
186357,0
167519,0
437173,0
549554,0
181187,0
125832,0
258899,0
397267,0
392699,0
517539,0
236013,0
372023,0
41844,0
86044,0
389623,0
37595,0
524405,0
423193,0
400534,0
279191,0
484015,0
115121,0
251162,0
319293,0
351910,0
398812,0
416351,0
29452,0
258195,0
25326,0
280133,0
7910,0
128014,0
422478,0
456463,0
305541,0
479746,0
469414,0
297726,0
9621,0
487536,0
448330,0
584892,0
448123,0
375637,0
107705,0
73474,0
294502,0
134584,0
588959,0
230248,0
442643,0
40398,0
276096,0
30137,0
231115,0
209641,0
148340,0
465417,0
321835,0
467987,0
121236,0
190636,0
257355,0
45979,0
266370,0
549869,0
155459,0
209671,0
6577,0
24214,0
71873,0
147476,0
476099,0
99987,0
95040,0
556035,0
63969,0
377744,0
427661,0
49897,0
378347,0
166996,0
562395,0
372225,0
108628,0
74603,0
256798,0
302077,0
497269,0
308107,0
46732,0
359428,0
449150,0
170015,0
147518,0
70818,0
466012,0
87039,0
167165,0
193291,0
280017,0
384604,0
101489,0
430334,0
150835,0
74857,0
443568,0
559319,0
302999,0
325907,0
588733,0
516431,0
328005,0
297394,0
181922,0
549951,0
434548,0
425482,0
460462,0
221434,0
2149,0
172060,0
54829,0
86855,0
57941,0
83555,0
72457,0
300230,0
148828,0
187562,0
145101,0
504088,0
57580,0
125952,0
393034,0
492994,0
383204,0
358375,0
49689,0
592938,0
298248,0
62121,0
217089,0
287152,0
407065,0
495447,0
330801,0
431351,0
70508,0
479590,0
90772,0
457666,0
199138,0
113172,0
335604,0
566555,0
503337,0
498261,0
505599,0
303106,0
387249,0
307099,0
257471,0
236118,0
11850,0
299231,0
220485,0
373182,0
124969,0
389849,0
62510,0
351153,0
324174,0
485190,0
296217,0
98081,0
267697,0
249850,0
20698,0
264098,0
87368,0
321349,0
505479,0
365599,0
465236,0
79412,0
488623,0
382614,0
124795,0
585841,0
176553,0
212629,0
354962,0
23088,0
394993,0
93030,0
270826,0
131739,0
372931,0
302311,0
402143,0
99675,0
16373,0
45935,0
275191,0
307686,0
280477,0
391134,0
244577,0
5168,0
188561,0
311500,0
68536,0
375400,0
447335,0
593358,0
582078,0
351356,0
578136,0
51669,0
398691,0
193386,0
225443,0
499606,0
233918,0
98957,0
198095,0
321734,0
217629,0
156699,0
602799,0
469116,0
188757,0
521297,0
215217,0
567265,0
124468,0
349595,0
325923,0
541388,0
244224,0
311229,0
305850,0
541417,0
86077,0
109343,0
475717,0
258156,0
557882,0
533033,0
100339,0
167125,0
281533,0
434484,0
5375,0
17349,0
388345,0
280085,0
9530,0
591823,0
94560,0
387554,0
529909,0
271251,0
606679,0
270142,0
192125,0
284537,0
144839,0
197157,0
521503,0
583158,0
176101,0
333392,0
382708,0
289007,0
601394,0
9042,0
493575,0
404893,0
121192,0
305872,0
603529,0
345366,0
210435,0
290016,0
337061,0
202056,0
300116,0
426343,0
237426,0
587044,0
469747,0
550562,0
478442,0
9660,0
420604,0
450357,0
318752,0
60050,0
415265,0
427982,0
572961,0
325854,0
248026,0
190741,0
196347,0
357073,0
390772,0
9737,0
458558,0
20450,0
40243,0
41967,0
485353,0
98535,0
239270,0
30118,0
147170,0
119161,0
587357,0
236700,0
210371,0
582591,0
318291,0
57305,0
553231,0
68955,0
362975,0
105863,0
261254,0
32383,0
60930,0
67485,0
2645,0
522785,0
413531,0
504275,0
521067,0
303426,0
14192,0
237001,0
482129,0
358892,0
272879,0
206935,0
338120,0
77493,0
44059,0
416708,0
380677,0
362139,0
536476,0
95597,0
488312,0
592321,0
33337,0
560550,0
101491,0
53327,0
121445,0
246557,0
457393,0
81040,0
440110,0
565235,0
362566,0
475709,0
127288,0
589029,0
310343,0
62067,0
428476,0
290236,0
80164,0
437333,0
186209,0
399043,0
455187,0
592247,0
87824,0
362772,0
288845,0
551397,0
510977,0
409042,0
278645,0
217650,0
292503,0
127817,0
449812,0
346944,0
151575,0
59221,0
463371,0
599924,0
63884,0
571966,0
177237,0
237394,0
210414,0
568894,0
197756,0
131478,0
36748,0
157562,0
310694,0
379802,0
475603,0
467451,0
321410,0
145529,0
506463,0
78423,0
249607,0
301637,0
445251,0
10682,0
273270,0
476597,0
409274,0
162841,0
146742,0
125070,0
139095,0
119411,0
494203,0
291175,0
542011,0
410649,0
197619,0
456036,0
411941,0
339700,0
196307,0
552138,0
87829,0
366012,0
475140,0
185587,0
515118,0
32807,0
239875,0
167634,0
275515,0
581072,0
265779,0
102133,0
485951,0
200784,0
502566,0
606736,0
187683,0
84191,0
415971,0
531396,0
597864,0
186415,0
8717,0
434841,0
33291,0
336872,0
566756,0
475957,0
314123,0
525989,0
290329,0
49914,0
374,0
304713,0
80623,0
484150,0
1602,0
80114,0
61701,0
568140,0
260265,0
414720,0
206084,0
362386,0
383175,0
370043,0
520236,0
123075,0
354506,0
416689,0
113547,0
588973,0
278503,0
82714,0
567403,0
282483,0
601622,0
13223,0
501837,0
146080,0
555659,0
57439,0
276384,0
354605,0
72118,0
157766,0
40045,0
311494,0
374390,0
38045,0
209474,0
503482,0
541146,0
251495,0
455569,0
41679,0
358702,0
571201,0
546756,0
455548,0
362548,0
311882,0
485044,0
296851,0
349668,0
501534,0
205738,0
87912,0
98065,0
197199,0
221013,0
393565,0
15302,0
227968,0
286208,0
10855,0
288138,0
102865,0
517224,0
261117,0
432651,0
328709,0
305900,0
125568,0
332802,0
484400,0
588088,0
71822,0
82692,0
355668,0
445641,0
151415,0
369233,0
599936,0
421124,0
393019,0
343146,0
434257,0
391000,0
267591,0
404736,0
84533,0
191774,0
324281,0
236327,0
10451,0
606268,0
523215,0
510335,0
552222,0
387559,0
593307,0
104311,0
466794,0
39571,0
608438,0
278873,0
162011,0
40159,0
120521,0
334301,0
360673,0
584546,0
580769,0
258169,0
337750,0
434251,0
398932,0
537785,0
605086,0
306469,0
79080,0
475527,0
103731,0
377441,0
456879,0
42336,0
148940,0
430873,0
339597,0
411212,0
590761,0
577924,0
213092,0
233700,0
553408,0
66873,0
420807,0
201895,0
303154,0
418282,0
424981,0
446437,0
185813,0
91665,0
124629,0
5434,0
504175,0
166536,0
432635,0
481761,0
513672,0
36272,0
493972,0
373923,0
439068,0
420019,0
320899,0
281478,0
349284,0
602005,0
587060,0
151252,0
609976,0
533036,0
397181,0
610511,0
158372,0
604203,0
211488,0
546368,0
229730,0
354870,0
601549,0
173322,0
305446,0
37098,0
310595,0
276514,0
479776,0
154743,0
537934,0
586963,0
451739,0
54059,0
244110,0
98094,0
414620,0
210012,0
196677,0
131061,0
174375,0
596803,0
470846,0
424402,0
168299,0
136164,0
402906,0
217080,0
479521,0
32316,0
187085,0
320082,0
391843,0
457436,0
53648,0
37983,0
351863,0
487118,0
404068,0
370651,0
250909,0
485081,0
11029,0
230420,0
393606,0
199552,0
574192,0
267598,0
478529,0
422430,0
552957,0
491660,0
559376,0
531525,0
558829,0
599235,0
546226,0
138756,0
308890,0
277967,0
20430,0
73073,0
74754,0
289600,0
145590,0
36396,0
430670,0
19738,0
296603,0
373280,0
250229,0
281611,0
317679,0
22995,0
140182,0
399538,0
362241,0
78234,0
213904,0
421193,0
194609,0
446753,0
129682,0
284324,0
597099,0
223185,0
411435,0
538036,0
334386,0
271092,0
124550,0
174768,0
512596,0
438082,0
533847,0
160224,0
62329,0
228147,0
342360,0
353816,0
149274,0
496101,0
276108,0
424824,0
28495,0
363486,0
178811,0
189871,0
415522,0
221108,0
109319,0
413054,0
315187,0
393041,0
350596,0
568663,0
118266,0
85632,0
342898,0
590959,0
490546,0
309094,0
304823,0
183768,0
240188,0
7834,0
106644,0
349930,0
408494,0
290797,0
288430,0
534573,0
235001,0
288438,0
115012,0
402522,0
450780,0
369851,0
191345,0
426127,0
634,0
398413,0
480870,0
593587,0
548464,0
397580,0
587383,0
598970,0
189050,0
502126,0
555024,0
344952,0
496222,0
149997,0
522273,0
537033,0
236623,0
440751,0
108370,0
44794,0
16806,0
157009,0
319095,0
456377,0
596551,0
69563,0
528640,0
563059,0
555434,0
330412,0
338314,0
63466,0
507974,0
413519,0
356573,0
560836,0
525522,0
137391,0
601263,0
183213,0
565443,0
411872,0
582871,0
305208,0
206093,0
478433,0
181778,0
176155,0
519442,0
95587,0
53584,0
226193,0
112940,0
214313,0
18563,0
576237,0
202189,0
185545,0
39532,0
101009,0
225424,0
478020,0
100015,0
151941,0
367444,0
577960,0
202447,0
249203,0
376771,0
120028,0
474095,0
363202,0
511669,0
355984,0
58257,0
44715,0
256722,0
396448,0
384777,0
279504,0
102105,0
229552,0
481635,0
293444,0
351438,0
329202,0
339628,0
564135,0
550750,0
158758,0
37579,0
112230,0
356462,0
367760,0
350636,0
114522,0
508055,0
32725,0
317851,0
222643,0
64855,0
58517,0
280712,0
517469,0
414559,0
29102,0
148834,0
595265,0
400164,0
445194,0
200705,0
295480,0
127413,0
131439,0
470532,0
550210,0
90452,0
71323,0
172307,0
294035,0
132682,0
357582,0
378026,0
606343,0
501477,0
417220,0
155339,0
468096,0
470734,0
467498,0
593152,0
189829,0
162370,0
319480,0
118514,0
453918,0
468245,0
322723,0
535973,0
592295,0
152239,0
275532,0
391371,0
197696,0
528392,0
542118,0
604255,0
29012,0
123723,0
393838,0
385348,0
112935,0
79635,0
79378,0
306642,0
197003,0
459265,0
85291,0
7495,0
14509,0
235427,0
137870,0
263475,0
309752,0
503750,0
10445,0
607120,0
356835,0
366224,0
169559,0
257671,0
584142,0
361571,0
478379,0
263910,0
86918,0
64315,0
508277,0
600502,0
393780,0
38675,0
561433,0
263048,0
322423,0
279118,0
328758,0
426852,0
173007,0
117926,0
112792,0
130330,0
600579,0
149188,0
99654,0
25224,0
226400,0
521210,0
84664,0
65004,0
15227,0
203331,0
245615,0
97121,0
34584,0
69245,0
469888,0
327,0
552470,0
116812,0
91578,0
198341,0
412308,0
435691,0
331120,0
292873,0
577559,0
106162,0
407965,0
505611,0
292676,0
394413,0
170860,0
204631,0
208994,0
345634,0
363124,0
61682,0
607327,0
359773,0
525735,0
122101,0
256203,0
178360,0
412142,0
11345,0
435277,0
504565,0
576700,0
25475,0
553739,0
409881,0
459669,0
3502,0
187106,0
248780,0
179928,0
104645,0
271602,0
550334,0
110653,0
20539,0
217458,0
493260,0
238869,0
547002,0
399479,0
524607,0
307451,0
191273,0
262706,0
557414,0
346489,0
562931,0
124647,0
607582,0
343565,0
20810,0
587807,0
332639,0
380036,0
533206,0
545233,0
276611,0
527053,0
306828,0
124897,0
158649,0
544785,0
93816,0
314958,0
498314,0
235883,0
118251,0
424669,0
550196,0
363429,0
467875,0
224234,0
385064,0
71457,0
183974,0
94473,0
498875,0
17696,0
31871,0
92358,0
251630,0
279246,0
238624,0
502674,0
354850,0
176190,0
67453,0
433893,0
266320,0
216655,0
98406,0
588304,0
226160,0
592561,0
433889,0
506980,0
186084,0
607941,0
124156,0
412146,0
94313,0
566803,0
368417,0
472610,0
99579,0
170507,0
87999,0
368237,0
338713,0
409247,0
510387,0
547063,0
4613,0
566084,0
573566,0
460595,0
235210,0
43589,0
266821,0
389808,0
607134,0
101019,0
335682,0
106308,0
453501,0
472537,0
8578,0
387864,0
458604,0
404721,0
479033,0
425476,0
187532,0
228540,0
122605,0
205181,0
246165,0
483698,0
352061,0
299858,0
11050,0
179836,0
577061,0
105937,0
199260,0
499592,0
165602,0
48288,0
581747,0
149535,0
269625,0
204926,0
423301,0
277881,0
54319,0
428861,0
80628,0
523508,0
405491,0
285911,0
310789,0
505165,0
437688,0
352358,0
209581,0
301504,0
293573,0
273334,0
326143,0
237609,0
590762,0
390938,0
401049,0
419682,0
159855,0
468709,0
28945,0
289520,0
194080,0
104016,0
608093,0
18340,0
144889,0
105999,0
339042,0
166056,0
599287,0
415199,0
78901,0
351216,0
234220,0
53585,0
603941,0
438406,0
369842,0
3620,0
392751,0
577566,0
472341,0
167005,0
505052,0
424440,0
541393,0
476394,0
443465,0
424950,0
555151,0
208829,0
576367,0
520716,0
270862,0
423322,0
415106,0
339572,0
226739,0
127407,0
168606,0
558759,0
456438,0
604343,0
535661,0
590697,0
94796,0
210006,0
533310,0
551410,0
605923,0
354248,0
139309,0
370334,0
115516,0
31420,0
57225,0
400714,0
365284,0
37200,0
469696,0
362354,0
571230,0
74393,0
190060,0
339960,0
29333,0
174442,0
353566,0
75345,0
197925,0
68486,0
235510,0
70016,0
185852,0
390548,0
236397,0
236727,0
486865,0
50082,0
132300,0
4428,0
259500,0
513302,0
75515,0
547946,0
344671,0
207315,0
507958,0
30831,0
298136,0
321237,0
125746,0
31606,0
486808,0
490390,0
411720,0
387294,0
282625,0
555148,0
354235,0
273532,0
449073,0
55434,0
456200,0
57009,0
214122,0
319515,0
500001,0
183602,0
484784,0
145779,0
209156,0
598082,0
152819,0
489301,0
59683,0
554349,0
105382,0
381002,0
442015,0
582939,0
247745,0
225322,0
508082,0
522057,0
41778,0
263567,0
214059,0
338585,0
231093,0
600830,0
606720,0
410526,0
139164,0
81125,0
517617,0
341295,0
494556,0
426500,0
498364,0
152591,0
558528,0
541675,0
357337,0
453071,0
579205,0
251973,0
17695,0
502905,0
359230,0
158131,0
303689,0
54362,0
247838,0
8447,0
335206,0
446204,0
452771,0
155523,0
518454,0
573623,0
248108,0
485731,0
120318,0
607869,0
75360,0
604982,0
104309,0
546044,0
176440,0
89804,0
174955,0
527864,0
84631,0
348169,0
434844,0
353473,0
331156,0
291720,0
362267,0
85406,0
591414,0
567762,0
210252,0
97002,0
256797,0
536789,0
407955,0
96992,0
557290,0
521127,0
377959,0
231429,0
516762,0
465569,0
217677,0
277667,0
75304,0
564081,0
495051,0
284962,0
404221,0
233583,0
15023,0
52836,0
296016,0
347261,0
139249,0
162555,0
564452,0
20391,0
367714,0
230288,0
7238,0
74204,0
120762,0
506361,0
287490,0
211290,0
28035,0
205962,0
438592,0
508070,0
579100,0
334492,0
228612,0
237380,0
53385,0
251671,0
108308,0
569994,0
47752,0
340107,0
308791,0
52191,0
115497,0
275819,0
582670,0
469121,0
318443,0
514256,0
179044,0
475268,0
267026,0
492760,0
491102,0
320398,0
422756,0
115889,0
575842,0
74225,0
210627,0
215495,0
172176,0
379793,0
112882,0
201798,0
113423,0
206395,0
436681,0
110735,0
287745,0
510852,0
306064,0
376038,0
67912,0
235045,0
142931,0
435452,0
573475,0
437655,0
216024,0
173892,0
279890,0
24223,0
264991,0
402622,0
137728,0
181687,0
451655,0
238384,0
566003,0
227785,0
502828,0
189636,0
241326,1
241327,1
241328,1
241329,1
241330,1
241331,1
241332,1
241333,1
241334,1
241335,1
241336,1
241337,1
241338,1
241339,1
241340,1
241341,1
241342,1
241343,1
241344,1
241345,1
241346,1
241347,1
241348,1
241349,1
241350,1
241351,1
241352,1
241353,1
241354,1
241355,1
241356,1
241357,1
241358,1
241359,1
241360,1
241361,1
241362,1
241363,1
241364,1
241365,1
241366,1
241367,1
241368,1
241369,1
241370,1
241371,1
241372,1
241696,1
241697,1
241698,1
241699,1
241700,1
241701,1
241702,1
241703,1
241704,1
241705,1
241706,1
241707,1
241708,1
241709,1
241710,1
241711,1
241712,1
241713,1
241714,1
241715,1
241716,1
241717,1
241718,1
241719,1
241720,1
241721,1
241722,1
241723,1
241724,1
241725,1
241726,1
241727,1
241728,1
241729,1
241730,1
241731,1
241732,1
241733,1
241734,1
241735,1
241736,1
241737,1
241738,1
241739,1
241740,1
241741,1
242010,1
242011,1
242012,1
242013,1
242014,1
242015,1
242016,1
242017,1
242018,1
242019,1
242020,1
242021,1
242022,1
242023,1
242024,1
242025,1
242026,1
242027,1
242028,1
242029,1
242030,1
242031,1
242032,1
242033,1
242034,1
242035,1
242036,1
242037,1
242038,1
242039,1
242040,1
242041,1
242042,1
242043,1
242044,1
242045,1
242046,1
242047,1
242048,1
242049,1
242050,1
242051,1
242052,1
242053,1
242054,1
242055,1
242056,1
242057,1
242058,1
242059,1
242060,1
242363,1
242364,1
242365,1
242366,1
242367,1
242368,1
242369,1
242370,1
242371,1
242372,1
242373,1
242374,1
242375,1
242376,1
242377,1
242378,1
242379,1
242380,1
242381,1
242382,1
242383,1
242384,1
242385,1
242386,1
242387,1
242388,1
242389,1
242390,1
242391,1
242392,1
242393,1
242394,1
242395,1
242396,1
242397,1
242398,1
242399,1
242400,1
242401,1
242402,1
242403,1
242404,1
242405,1
242406,1
242407,1
242408,1
242409,1
242410,1
242411,1
242412,1
242413,1
242414,1
242415,1
242416,1
242417,1
242418,1
242419,1
242420,1
242421,1
242422,1
242713,1
242714,1
242715,1
242716,1
242717,1
242718,1
242719,1
242720,1
242721,1
242722,1
242723,1
242724,1
242725,1
242726,1
242727,1
242728,1
242729,1
242730,1
242731,1
242732,1
242733,1
242734,1
242735,1
242736,1
242737,1
242738,1
242739,1
242740,1
242741,1
242742,1
242743,1
242744,1
242745,1
242746,1
242747,1
242748,1
242749,1
242750,1
242751,1
242752,1
242753,1
242754,1
242755,1
242756,1
242757,1
242758,1
242759,1
242760,1
242761,1
242762,1
242763,1
242764,1
242765,1
242766,1
242767,1
242768,1
242769,1
242770,1
242771,1
244787,1
244788,1
244789,1
244790,1
244791,1
244792,1
244793,1
244794,1
244795,1
244796,1
244797,1
244798,1
244799,1
244800,1
244801,1
244802,1
244803,1
244804,1
244805,1
244806,1
244807,1
244808,1
244809,1
244810,1
244811,1
244812,1
244813,1
244814,1
244815,1
244816,1
244817,1
244818,1
244819,1
244820,1
244821,1
244822,1
244823,1
244824,1
244825,1
244826,1
244827,1
244828,1
244829,1
244830,1
244831,1
244832,1
244833,1
244834,1
244835,1
244836,1
244837,1
244838,1
244839,1
244840,1
245203,1
245204,1
245205,1
245206,1
245207,1
245208,1
245209,1
245210,1
245211,1
245212,1
245213,1
245214,1
245215,1
245216,1
245217,1
245218,1
245219,1
245220,1
245221,1
245222,1
245223,1
245224,1
245225,1
245226,1
245227,1
245228,1
245229,1
245230,1
245231,1
245232,1
245233,1
245234,1
245235,1
245236,1
245237,1
245238,1
245239,1
245240,1
245241,1
245242,1
245243,1
245244,1
245245,1
245246,1
245247,1
245248,1
245249,1
252679,1
252680,1
252681,1
252682,1
252683,1
252684,1
252685,1
252686,1
252687,1
252688,1
252689,1
252690,1
252691,1
252692,1
252693,1
252694,1
252695,1
252696,1
252697,1
252698,1
252699,1
252700,1
252701,1
252702,1
252703,1
252704,1
252705,1
252706,1
252707,1
252708,1
252709,1
252710,1
252711,1
252712,1
252713,1
252714,1
252715,1
252716,1
252717,1
252718,1
253105,1
253106,1
253107,1
253108,1
253109,1
253110,1
253111,1
253112,1
253113,1
253114,1
253115,1
253116,1
253117,1
253118,1
253119,1
253120,1
253121,1
253122,1
253123,1
253124,1
253125,1
253126,1
253127,1
253128,1
253129,1
253130,1
253131,1
253132,1
253133,1
253134,1
253135,1
253136,1
253137,1
253138,1
253139,1
253140,1
253141,1
253142,1
253143,1
253144,1
253145,1
253146,1
253147,1
253148,1
253491,1
253492,1
253493,1
253494,1
253495,1
253496,1
253497,1
253498,1
253499,1
253500,1
253501,1
253502,1
253503,1
253504,1
253505,1
253506,1
253507,1
253508,1
253509,1
253510,1
253511,1
253512,1
253513,1
253514,1
253515,1
253516,1
253517,1
253518,1
253519,1
253520,1
253521,1
253522,1
253523,1
253524,1
253525,1
253526,1
253527,1
253528,1
253529,1
253530,1
253852,1
253853,1
253854,1
253855,1
253856,1
253857,1
253858,1
253859,1
253860,1
253861,1
253862,1
253863,1
253864,1
253865,1
253866,1
253867,1
253868,1
253869,1
253870,1
253871,1
253872,1
253873,1
253874,1
253875,1
253876,1
253877,1
253878,1
253879,1
253880,1
253881,1
253882,1
253883,1
253884,1
253885,1
253886,1
253887,1
253888,1
253889,1
253890,1
253891,1
253892,1
254227,1
254228,1
254229,1
254230,1
254231,1
254232,1
254233,1
254234,1
254235,1
254236,1
254237,1
254238,1
254239,1
254240,1
254241,1
254242,1
254243,1
254244,1
254245,1
254246,1
254247,1
254248,1
254249,1
254250,1
254251,1
254252,1
254253,1
254254,1
254255,1
254256,1
254257,1
254258,1
254259,1
254260,1
254261,1
254262,1
254263,1
254264,1
254265,1
254266,1
254267,1
254268,1
254269,1
254622,1
254623,1
254624,1
254625,1
254626,1
254627,1
254628,1
254629,1
254630,1
254631,1
254632,1
254633,1
254634,1
254635,1
254636,1
254637,1
254638,1
254639,1
254640,1
254641,1
254642,1
254643,1
254644,1
254645,1
254646,1
254647,1
254648,1
254649,1
254650,1
254651,1
254652,1
254653,1
254654,1
254655,1
254656,1
254657,1
254658,1
254659,1
255014,1
255015,1
255016,1
255017,1
255018,1
255019,1
255020,1
255021,1
255022,1
255023,1
255024,1
255025,1
255026,1
255027,1
255028,1
255029,1
255030,1
255031,1
255032,1
255033,1
255034,1
255035,1
255036,1
255037,1
255038,1
255039,1
255040,1
255041,1
255042,1
255043,1
255044,1
255045,1
255046,1
255394,1
255395,1
255396,1
255397,1
255398,1
255399,1
255400,1
255401,1
255402,1
255403,1
255404,1
255405,1
255406,1
255407,1
255408,1
255409,1
255410,1
255411,1
312726,1
312727,1
312728,1
312729,1
312730,1
312731,1
312732,1
312733,1
312734,1
312735,1
312736,1
312737,1
312738,1
312739,1
312740,1
312741,1
312742,1
312743,1
312744,1
312745,1
312746,1
312747,1
312748,1
312749,1
312750,1
312751,1
312752,1
312753,1
312754,1
312755,1
312756,1
312757,1
312758,1
312759,1
312760,1
312761,1
312762,1
312763,1
312764,1
312765,1
312766,1
312767,1
312768,1
312769,1
312770,1
312771,1
312772,1
312773,1
312774,1
312775,1
312776,1
312777,1
312778,1
312779,1
312780,1
312781,1
312782,1
312783,1
312784,1
312785,1
312786,1
312787,1
312788,1
312789,1
312790,1
312791,1
312792,1
312793,1
312794,1
312795,1
312796,1
312797,1
312798,1
312799,1
312800,1
312801,1
312802,1
312803,1
312804,1
312805,1
312806,1
312807,1
312808,1
312809,1
312810,1
312811,1
312812,1
312813,1
312814,1
312815,1
312816,1
312817,1
312818,1
312819,1
312820,1
312821,1
312822,1
312823,1
312824,1
312825,1
312826,1
312827,1
312828,1
312829,1
312830,1
312831,1
312832,1
312833,1
312834,1
312835,1
312836,1
312837,1
312838,1
312839,1
312840,1
312841,1
312842,1
312843,1
312844,1
312845,1
312846,1
312847,1
312848,1
312849,1
312850,1
312851,1
312852,1
312853,1
312854,1
312855,1
312856,1
312857,1
312858,1
312859,1
312860,1
312861,1
312862,1
312863,1
312864,1
312865,1
312866,1
312867,1
312868,1
312869,1
312870,1
312871,1
312872,1
312873,1
312874,1
312875,1
312876,1
312877,1
312878,1
312879,1
312880,1
312881,1
312882,1
312883,1
312884,1
312885,1
312886,1
312887,1
312888,1
312889,1
312890,1
312891,1
312892,1
312893,1
312894,1
312895,1
312896,1
312897,1
312898,1
312899,1
312900,1
312901,1
312902,1
312903,1
312904,1
312905,1
312906,1
312907,1
312908,1
312909,1
312910,1
312911,1
312912,1
312913,1
312914,1
312915,1
312916,1
312917,1
312918,1
312919,1
312920,1
312921,1
312922,1
312923,1
312924,1
312925,1
312926,1
312927,1
312928,1
312929,1
312930,1
312931,1
312932,1
312933,1
312934,1
312935,1
312936,1
312937,1
312938,1
312939,1
312940,1
312941,1
312942,1
312943,1
312944,1
312945,1
312946,1
312947,1
312948,1
312949,1
312950,1
312951,1
312952,1
312953,1
312954,1
312955,1
312956,1
312957,1
312958,1
312959,1
312960,1
312961,1
312962,1
312963,1
312964,1
312965,1
312966,1
312967,1
312968,1
312969,1
312970,1
312971,1
312972,1
312973,1
312974,1
312975,1
312976,1
312977,1
312978,1
312979,1
312980,1
312981,1
312982,1
312983,1
312984,1
312985,1
312986,1
312987,1
312988,1
312989,1
312990,1
312991,1
312992,1
312993,1
312994,1
312995,1
312996,1
312997,1
312998,1
312999,1
313000,1
313001,1
313002,1
313003,1
313004,1
313005,1
313006,1
313007,1
313008,1
313009,1
313010,1
313011,1
313012,1
313013,1
313014,1
313015,1
313016,1
313017,1
313018,1
313019,1
313020,1
313021,1
313022,1
313023,1
313024,1
313025,1
313026,1
313027,1
313028,1
313029,1
313030,1
313031,1
313032,1
313033,1
313034,1
313035,1
313036,1
313037,1
313038,1
313039,1
313040,1
313041,1
313042,1
313043,1
313044,1
313045,1
313046,1
313047,1
313048,1
313049,1
313050,1
313051,1
313052,1
313053,1
313054,1
313055,1
313056,1
313057,1
313058,1
313059,1
313060,1
313061,1
313062,1
313063,1
313064,1
313065,1
313066,1
313067,1
313068,1
313069,1
313070,1
313071,1
313072,1
313073,1
313074,1
313075,1
313076,1
313077,1
313078,1
313079,1
313080,1
313081,1
313082,1
313083,1
313084,1
313085,1
313086,1
313087,1
313088,1
313089,1
313090,1
313091,1
313092,1
313093,1
313094,1
313095,1
313096,1
313097,1
313098,1
313099,1
313100,1
313101,1
313102,1
313103,1
313104,1
313105,1
313106,1
313107,1
313108,1
313109,1
313110,1
313111,1
313112,1
313113,1
313114,1
313115,1
313116,1
313117,1
313118,1
313119,1
313120,1
313121,1
313122,1
313123,1
313124,1
313125,1
313126,1
313127,1
313128,1
313129,1
313130,1
313131,1
313132,1
313133,1
313134,1
313135,1
313136,1
313137,1
313138,1
313139,1
313140,1
313141,1
313142,1
313143,1
313144,1
313145,1
313146,1
313147,1
313148,1
313149,1
313150,1
313151,1
313152,1
313153,1
313154,1
313155,1
313156,1
313157,1
313158,1
313159,1
313160,1
313161,1
313162,1
313163,1
313164,1
313165,1
313166,1
313167,1
313168,1
313169,1
313170,1
313171,1
313172,1
313173,1
313174,1
313175,1
313176,1
313177,1
313178,1
313179,1
313180,1
313181,1
313182,1
313183,1
313184,1
313185,1
313186,1
313187,1
313188,1
313189,1
313190,1
313191,1
313192,1
313193,1
313194,1
313195,1
313196,1
313197,1
313198,1
313199,1
313200,1
313201,1
313202,1
313203,1
313204,1
313205,1
313206,1
313207,1
313208,1
313209,1
313210,1
313211,1
313212,1
313213,1
313214,1
313215,1
313216,1
313217,1
313218,1
313219,1
313220,1
313221,1
313222,1
313223,1
313224,1
313225,1
313226,1
313227,1
313228,1
313229,1
313230,1
313231,1
313232,1
313233,1
313234,1
313235,1
313236,1
313237,1
313238,1
313239,1
313240,1
313241,1
313242,1
313243,1
313244,1
313245,1
313246,1
313247,1
313248,1
313249,1
313250,1
313251,1
313252,1
313253,1
313254,1
313255,1
313256,1
313257,1
313258,1
313259,1
313260,1
313261,1
313262,1
313263,1
313264,1
313265,1
313266,1
313267,1
313268,1
313269,1
313270,1
313271,1
313272,1
313273,1
313274,1
313275,1
313276,1
313277,1
313278,1
313279,1
313280,1
313281,1
313282,1
313283,1
313284,1
313285,1
313286,1
313287,1
313288,1
313289,1
313290,1
313291,1
313292,1
313293,1
313294,1
313295,1
313296,1
313297,1
313298,1
313299,1
313300,1
313301,1
313302,1
313303,1
313304,1
313305,1
313306,1
313307,1
313308,1
313309,1
313310,1
313311,1
313312,1
313313,1
313314,1
313315,1
313316,1
313317,1
313318,1
313319,1
313320,1
313321,1
313322,1
313323,1
313324,1
313325,1
313326,1
313327,1
313328,1
313329,1
313330,1
313331,1
313332,1
313333,1
313334,1
313335,1
313336,1
313337,1
313338,1
313339,1
313340,1
313341,1
313342,1
313343,1
313344,1
313345,1
313346,1
313347,1
313348,1
313349,1
313350,1
313351,1
313352,1
313353,1
313354,1
313355,1
313356,1
313357,1
313358,1
313359,1
313360,1
313361,1
313362,1
313363,1
313364,1
313365,1
313366,1
313367,1
313368,1
313369,1
313370,1
313371,1
313372,1
313373,1
313374,1
313375,1
313376,1
313377,1
313378,1
313379,1
313380,1
313381,1
313382,1
313383,1
313384,1
313385,1
313386,1
313387,1
313388,1
313389,1
313390,1
313391,1
313392,1
313393,1
313394,1
313395,1
313396,1
313397,1
313398,1
313399,1
313400,1
313401,1
313402,1
313403,1
313404,1
313405,1
313406,1
313407,1
313408,1
313409,1
313410,1
313411,1
313412,1
313413,1
313414,1
313415,1
313416,1
313417,1
313418,1
313419,1
313420,1
313421,1
313422,1
313423,1
313424,1
313425,1
313426,1
313427,1
313428,1
313429,1
313430,1
313431,1
313432,1
313433,1
313434,1
313435,1
313436,1
313437,1
313438,1
313439,1
313440,1
313441,1
313442,1
313443,1
313444,1
313445,1
313446,1
313447,1
313448,1
313449,1
313450,1
313451,1
313452,1
313453,1
313454,1
313455,1
313456,1
313457,1
313458,1
313459,1
313460,1
313461,1
313462,1
313463,1
313464,1
313465,1
313466,1
313467,1
313468,1
313469,1
313470,1
313471,1
313472,1
313473,1
313474,1
313475,1
313476,1
313477,1
313478,1
313479,1
313480,1
313481,1
313482,1
313483,1
313484,1
313485,1
313486,1
313487,1
313488,1
313489,1
313490,1
313491,1
313492,1
313493,1
313494,1
313495,1
313496,1
313497,1
313498,1
313499,1
313500,1
313501,1
313502,1
313503,1
313504,1
313505,1
313506,1
313507,1
313508,1
313509,1
313510,1
313511,1
313512,1
313513,1
313514,1
313515,1
313516,1
313517,1
313518,1
313519,1
313520,1
313521,1
313522,1
313523,1
313524,1
313525,1
313526,1
313527,1
313528,1
313529,1
313530,1
313531,1
313532,1
313533,1
313534,1
313535,1
313536,1
313537,1
313538,1
313539,1
313540,1
313541,1
313542,1
313543,1
313544,1
313545,1
313546,1
313547,1
313548,1
313549,1
313550,1
313551,1
313552,1
313553,1
313554,1
313555,1
313556,1
313557,1
313558,1
313559,1
313560,1
313561,1
313562,1
313563,1
313564,1
313565,1
313566,1
313567,1
313568,1
313569,1
313570,1
313571,1
313572,1
313573,1
313574,1
313575,1
313576,1
313577,1
313578,1
313579,1
313580,1
313581,1
313582,1
313583,1
313584,1
313585,1
313586,1
313587,1
313588,1
313589,1
313590,1
313591,1
313592,1
313593,1
313594,1
313595,1
313596,1
313597,1
313598,1
313599,1
313600,1
313601,1
313602,1
313603,1
313604,1
313605,1
313606,1
313607,1
313608,1
313609,1
313610,1
313611,1
313612,1
313613,1
313614,1
313615,1
313616,1
313617,1
313618,1
313619,1
313620,1
313621,1
313622,1
313623,1
313624,1
313625,1
313626,1
313627,1
313628,1
313629,1
313630,1
313631,1
313632,1
313633,1
313634,1
313635,1
313636,1
313637,1
313638,1
313639,1
313640,1
313641,1
313642,1
313643,1
313644,1
313645,1
313646,1
313647,1
313648,1
313649,1
313650,1
313651,1
313652,1
313653,1
313654,1
313655,1
313656,1
313657,1
313658,1
313659,1
313660,1
313661,1
313662,1
313663,1
313664,1
313665,1
313666,1
313667,1
313668,1
313669,1
313670,1
313671,1
313672,1
313673,1
313674,1
313675,1
313676,1
313677,1
313678,1
313679,1
313680,1
313681,1
313682,1
313683,1
313684,1
313685,1
313686,1
313687,1
313688,1
313689,1
313690,1
313691,1
313692,1
313693,1
313694,1
313695,1
313696,1
313697,1
313698,1
313699,1
313700,1
313701,1
313702,1
313703,1
313704,1
313705,1
313706,1
313707,1
313708,1
313709,1
313710,1
313711,1
313712,1
313713,1
313714,1
313715,1
313716,1
313717,1
313718,1
313719,1
313720,1
313721,1
313722,1
313723,1
313724,1
313725,1
313726,1
313727,1
313728,1
313729,1
313730,1
313731,1
313732,1
313733,1
313734,1
313735,1
313736,1
315577,1
315578,1
315579,1
315580,1
315581,1
315582,1
315583,1
315584,1
315585,1
315586,1
315587,1
315588,1
315589,1
315590,1
315591,1
315592,1
315593,1
315594,1
315595,1
315596,1
315597,1
315598,1
315599,1
315600,1
315601,1
315602,1
315603,1
315604,1
315605,1
315606,1
315607,1
315608,1
315609,1
315610,1
315611,1
315612,1
315613,1
315614,1
315615,1
315616,1
315617,1
315618,1
315619,1
315620,1
315621,1
315622,1
315623,1
315624,1
315625,1
315626,1
315627,1
315628,1
315629,1
315630,1
315631,1
315632,1
315633,1
315634,1
315635,1
315636,1
315637,1
315638,1
315639,1
315640,1
315641,1
315642,1
315643,1
315644,1
315645,1
315646,1
315647,1
315648,1
315649,1
315650,1
315651,1
315652,1
315653,1
315654,1
315655,1
315656,1
315657,1
315658,1
315659,1
315660,1
315661,1
315662,1
315663,1
315664,1
315665,1
315666,1
315667,1
315668,1
315669,1
315670,1
315671,1
315672,1
315673,1
315674,1
315675,1
315676,1
315677,1
315678,1
315679,1
315680,1
315681,1
315682,1
315683,1
315684,1
315685,1
315686,1
315687,1
315688,1
315689,1
315690,1
315691,1
315692,1
315693,1
315694,1
315695,1
315696,1
315697,1
315698,1
315699,1
315700,1
315701,1
315702,1
315703,1
315704,1
315705,1
315706,1
315707,1
315708,1
315709,1
315710,1
315711,1
315712,1
315713,1
315714,1
315715,1
315716,1
315717,1
315718,1
315719,1
315720,1
315721,1
315722,1
315723,1
315724,1
315725,1
315726,1
315727,1
315728,1
315729,1
315730,1
315731,1
315732,1
315733,1
315734,1
315735,1
315736,1
315737,1
315738,1
315739,1
315740,1
315741,1
315742,1
315743,1
315744,1
315745,1
315746,1
315747,1
315748,1
315749,1
315750,1
315751,1
315752,1
315753,1
315754,1
315755,1
315756,1
315757,1
315758,1
315759,1
315760,1
315761,1
315762,1
315763,1
315764,1
315765,1
315766,1
315767,1
315768,1
315769,1
315770,1
315771,1
315772,1
315773,1
315774,1
315775,1
315776,1
315777,1
315778,1
315779,1
315780,1
315781,1
315782,1
315783,1
315784,1
315785,1
315786,1
315787,1
315788,1
315789,1
315790,1
315791,1
315792,1
315793,1
315794,1
315795,1
315796,1
315797,1
315798,1
315799,1
315800,1
315801,1
315802,1
315803,1
315804,1
315805,1
315806,1
315807,1
315808,1
315809,1
315810,1
315811,1
315812,1
315813,1
315814,1
315815,1
315816,1
315817,1
315818,1
315819,1
315820,1
315821,1
315822,1
315823,1
315824,1
315825,1
315826,1
315827,1
315828,1
315829,1
315830,1
315831,1
315832,1
315833,1
315834,1
315835,1
315836,1
315837,1
315838,1
315839,1
315840,1
315841,1
315842,1
315843,1
315844,1
315845,1
315846,1
315847,1
315848,1
315849,1
315850,1
315851,1
315852,1
315853,1
315854,1
315855,1
315856,1
315857,1
315858,1
315859,1
315860,1
315861,1
315862,1
315863,1
315864,1
315865,1
315866,1
315867,1
315868,1
315869,1
315870,1
315871,1
315872,1
315873,1
315874,1
315875,1
315876,1
315877,1
315878,1
315879,1
315880,1
315881,1
315882,1
315883,1
315884,1
315885,1
315886,1
315887,1
315888,1
315889,1
315890,1
315891,1
315892,1
315893,1
315894,1
315895,1
315896,1
315897,1
315898,1
315899,1
315900,1
315901,1
315902,1
315903,1
315904,1
315905,1
315906,1
315907,1
315908,1
315909,1
315910,1
315911,1
315912,1
315913,1
315914,1
315915,1
315916,1
315917,1
315918,1
315919,1
315920,1
315921,1
315922,1
315923,1
315924,1
315925,1
315926,1
315927,1
315928,1
315929,1
315930,1
315931,1
315932,1
315933,1
315934,1
315935,1
315936,1
315937,1
315938,1
315939,1
315940,1
315941,1
315942,1
315943,1
315944,1
315945,1
315946,1
315947,1
315948,1
315949,1
315950,1
315951,1
315952,1
315953,1
315954,1
315955,1
315956,1
315957,1
315958,1
315959,1
315960,1
315961,1
315962,1
315963,1
315964,1
315965,1
315966,1
315967,1
315968,1
315969,1
315970,1
315971,1
315972,1
315973,1
315974,1
315975,1
315976,1
315977,1
315978,1
315979,1
315980,1
315981,1
315982,1
315983,1
315984,1
315985,1
315986,1
315987,1
315988,1
315989,1
315990,1
315991,1
315992,1
315993,1
315994,1
315995,1
315996,1
315997,1
315998,1
315999,1
316000,1
316001,1
316002,1
316003,1
316004,1
316005,1
316006,1
316007,1
316008,1
316009,1
316010,1
316011,1
316012,1
316013,1
316014,1
316015,1
316016,1
316017,1
316018,1
316019,1
316020,1
316021,1
316022,1
316023,1
316024,1
316025,1
316026,1
316027,1
316028,1
316029,1
316030,1
316031,1
316032,1
316033,1
316034,1
316035,1
316036,1
316037,1
316038,1
316039,1
316040,1
316041,1
316042,1
316043,1
316044,1
316045,1
316046,1
316047,1
316048,1
316049,1
316050,1
316051,1
316052,1
316053,1
316054,1
316055,1
316056,1
316057,1
316058,1
316059,1
316060,1
316061,1
316062,1
316063,1
316064,1
316065,1
316066,1
316067,1
316068,1
316069,1
316070,1
316071,1
316072,1
316073,1
316074,1
316075,1
316076,1
316077,1
316078,1
316079,1
316080,1
316081,1
316082,1
316083,1
316084,1
316085,1
316086,1
316087,1
316088,1
316089,1
316090,1
316091,1
316092,1
316093,1
316094,1
316095,1
316096,1
316097,1
316098,1
316099,1
316100,1
316101,1
316102,1
316103,1
316104,1
316105,1
316106,1
316107,1
316108,1
316109,1
316110,1
316111,1
316112,1
316113,1
316114,1
316115,1
316116,1
316117,1
316118,1
316119,1
316120,1
316121,1
316122,1
316123,1
316124,1
316125,1
316126,1
316127,1
316128,1
316129,1
316130,1
316131,1
316132,1
316133,1
316134,1
316135,1
316136,1
316137,1
316138,1
316139,1
316140,1
316141,1
316142,1
316143,1
316144,1
316145,1
316146,1
316147,1
316148,1
316149,1
316150,1
316151,1
316152,1
316153,1
316154,1
316155,1
316156,1
316157,1
316158,1
316159,1
316160,1
316161,1
316162,1
316163,1
316164,1
316165,1
316166,1
316167,1
316168,1
316169,1
316170,1
316171,1
316172,1
316173,1
316174,1
316175,1
316176,1
316177,1
316178,1
316179,1
316180,1
316181,1
316182,1
316183,1
316184,1
316185,1
316186,1
316187,1
316188,1
316189,1
316190,1
316191,1
316192,1
316193,1
316194,1
316195,1
316196,1
316197,1
316198,1
316199,1
316200,1
316201,1
316202,1
316203,1
316204,1
316205,1
316206,1
316207,1
316208,1
316209,1
316210,1
316211,1
316212,1
316213,1
316214,1
316215,1
316216,1
316217,1
316218,1
316219,1
316220,1
316221,1
316222,1
316223,1
316224,1
316225,1
316226,1
316227,1
316228,1
316229,1
316230,1
316231,1
316232,1
316233,1
316234,1
316235,1
316236,1
316237,1
316238,1
316239,1
316240,1
316241,1
316242,1
316243,1
316244,1
316245,1
316246,1
316247,1
316248,1
316249,1
316250,1
316251,1
316252,1
316253,1
316254,1
316255,1
316256,1
316257,1
316258,1
316259,1
316260,1
316261,1
316262,1
316263,1
316264,1
316265,1
316266,1
316267,1
316268,1
316269,1
316270,1
316271,1
316272,1
316273,1
316274,1
316275,1
316276,1
316277,1
316278,1
316279,1
316280,1
316281,1
316282,1
316283,1
316284,1
316285,1
316286,1
316287,1
316288,1
316289,1
316290,1
316291,1
316292,1
316293,1
316294,1
316295,1
316296,1
316297,1
316298,1
316299,1
316300,1
316301,1
316302,1
316303,1
316304,1
316305,1
316306,1
316307,1
316308,1
316309,1
316310,1
316311,1
316312,1
316313,1
316314,1
316315,1
316316,1
316317,1
316318,1
316319,1
316320,1
316321,1
316322,1
316323,1
316324,1
316325,1
316326,1
316327,1
316328,1
316329,1
316330,1
316331,1
316332,1
316333,1
316334,1
316335,1
316336,1
316337,1
316338,1
316339,1
316340,1
316341,1
316342,1
316343,1
316344,1
316345,1
316346,1
316347,1
316348,1
316349,1
316350,1
316351,1
316352,1
316353,1
316354,1
316355,1
316356,1
316357,1
316358,1
316359,1
316360,1
316361,1
316362,1
316363,1
316364,1
316365,1
316366,1
316367,1
316368,1
316369,1
316370,1
316371,1
316372,1
316373,1
316374,1
316375,1
316376,1
316377,1
316378,1
316379,1
316380,1
316381,1
316382,1
316383,1
316384,1
316385,1
316386,1
316387,1
316388,1
316389,1
316390,1
316391,1
316392,1
316393,1
316394,1
316395,1
316396,1
316397,1
316398,1
316399,1
316400,1
316401,1
316402,1
316403,1
316404,1
316405,1
316406,1
316407,1
316408,1
316409,1
316410,1
316411,1
316412,1
316413,1
316414,1
316415,1
316416,1
316417,1
316418,1
316419,1
316420,1
316421,1
316422,1
316423,1
316424,1
316425,1
316426,1
316427,1
316428,1
316429,1
316430,1
316431,1
316432,1
316433,1
316434,1
316435,1
316436,1
316437,1
316438,1
316439,1
316440,1
316441,1
316442,1
316443,1
316444,1
316445,1
316446,1
316447,1
316448,1
316449,1
316450,1
316451,1
316452,1
316453,1
316454,1
316455,1
316456,1
316457,1
316458,1
316459,1
316460,1
316461,1
316462,1
316463,1
316464,1
316465,1
316466,1
316467,1
316468,1
316469,1
316470,1
316471,1
316472,1
316473,1
316474,1
316475,1
316476,1
316477,1
316478,1
316479,1
316480,1
316481,1
316482,1
316483,1
316484,1
316485,1
316486,1
316487,1
316488,1
316489,1
316490,1
316491,1
316492,1
316493,1
316494,1
316495,1
316496,1
316497,1
316498,1
316499,1
316500,1
316501,1
316502,1
316503,1
316504,1
316505,1
316506,1
316507,1
316508,1
316509,1
316510,1
316511,1
316512,1
316513,1
316514,1
316515,1
316516,1
316517,1
316518,1
316519,1
316520,1
316521,1
316522,1
316523,1
316524,1
316525,1
316526,1
316527,1
316528,1
316529,1
316530,1
316531,1
316532,1
316533,1
316534,1
316535,1
316536,1
316537,1
316538,1
316539,1
316540,1
316541,1
316542,1
316543,1
316544,1
316545,1
316546,1
316547,1
316548,1
316549,1
316550,1
316551,1
316552,1
316553,1
316554,1
316555,1
316556,1
316557,1
316558,1
316559,1
316560,1
316561,1
316562,1
316563,1
316564,1
316565,1
316566,1
316567,1
316568,1
316569,1
316570,1
316571,1
316572,1
316573,1
316574,1
316575,1
316576,1
316577,1
316578,1
316579,1
316580,1
316581,1
316582,1
316583,1
316584,1
316585,1
316586,1
316587,1
316588,1
316589,1
316590,1
316591,1
316592,1
316593,1
316594,1
316595,1
316596,1
316597,1
316598,1
316599,1
316600,1
316601,1
316602,1
316603,1
316604,1
316605,1
316606,1
316607,1
316608,1
316609,1
316610,1
316611,1
316612,1
316613,1
316614,1
316615,1
316616,1
316617,1
316618,1
316619,1
316620,1
316621,1
316622,1
316623,1
318163,1
